serial,lot,wafer,x,y,Iddq_uA_0h,Iddq_uA_24h,Iddq_uA_96h,Iddq_uA_168h,Ileak_nA_0h,Ileak_nA_24h,Ileak_nA_96h,Ileak_nA_168h,Tpd_ns_0h,Tpd_ns_24h,Tpd_ns_96h,Tpd_ns_168h,Vol_mV_0h,Vol_mV_24h,Vol_mV_96h,Vol_mV_168h
L03-0001,L03,W04,40,50,9.0996,8.9144,8.9229,9.2536,20.4023,20.8593,21.2328,21.4926,3.1486,3.1428,3.1135,3.2227,195.6691,199.4717,199.9204,197.3403
L03-0002,L03,W04,22,26,10.9313,11.6664,13.2546,13.595,21.3694,21.4033,22.0157,21.6373,3.2218,3.2467,3.1905,3.2575,196.5208,198.1969,207.1833,207.1533
L03-0003,L03,W04,24,4,11.7259,12.078,12.345,12.4397,26.958,27.1807,26.9263,26.9396,3.2756,3.4321,3.4564,3.4589,200.323,196.163,197.4427,197.0084
L03-0004,L03,W01,36,36,10.8296,11.0017,10.9758,11.0172,21.4711,21.846,21.4567,21.9394,3.2041,3.1938,3.2202,3.2623,190.771,204.9963,198.7695,206.1223
L03-0005,L03,W02,19,55,12.7916,13.0477,13.2512,13.5192,14.542,14.2276,14.5834,14.6655,3.0987,3.166,3.0635,3.0878,206.611,196.2229,208.9204,211.3784
L03-0006,L03,W04,52,59,13.3189,14.089,14.4362,14.1697,24.4602,24.8522,25.0177,24.8392,3.1947,3.1937,3.161,3.2554,198.2274,207.9437,204.9414,207.3952
L03-0007,L03,W02,56,8,9.3497,9.592,9.449,9.7165,23.9207,25.2819,26.6605,26.3919,3.219,3.2063,3.2073,3.2394,202.5434,202.1836,206.8623,201.4155
L03-0008,L03,W04,7,0,10.6506,11.0203,11.5272,12.2051,18.0217,18.2917,18.8407,18.9693,3.2095,3.3787,3.2812,3.2164,214.9207,211.5832,210.99,212.6614
L03-0009,L03,W01,46,3,9.1792,9.1969,9.4225,9.3893,20.275,20.2199,21.161,20.4808,3.2884,3.2657,3.2328,3.3295,200.9045,202.0442,198.5333,200.7674
L03-0010,L03,W03,48,14,12.7639,13.2276,13.8976,14.0199,19.4914,19.8528,20.638,20.4083,3.4336,3.3752,3.4142,3.5072,223.7672,228.0711,223.4645,232.4481
L03-0011,L03,W02,56,16,8.5224,8.7349,8.9732,8.8255,21.4808,22.8149,24.6435,25.7052,3.277,3.2456,3.1836,3.2797,201.7799,195.3352,197.4654,198.0512
L03-0012,L03,W04,19,28,9.6319,9.8236,9.906,10.0035,15.2014,15.2221,15.3591,14.8162,3.1542,3.0951,3.1657,3.1896,204.8626,211.1224,210.5077,213.3713
L03-0013,L03,W01,51,48,9.7922,9.6179,10.0614,10.2751,19.3485,20.1055,20.5535,20.6635,3.2269,3.2558,3.2209,3.1362,209.7059,204.9189,209.0998,207.2659
L03-0014,L03,W02,27,46,9.4438,9.5107,10.0227,9.8449,16.7542,16.2197,16.8074,16.5383,3.0632,3.1114,3.0746,3.1012,201.9269,201.6026,200.8673,199.4179
L03-0015,L03,W02,23,1,8.2204,8.1222,7.8458,8.0869,21.5262,21.1587,21.2461,21.0739,3.3332,3.2445,3.3553,3.2471,205.9079,211.7345,210.4801,207.8564
L03-0016,L03,W01,17,21,11.6387,11.6383,11.5633,11.8732,16.6171,16.4612,16.5335,17.3409,3.2108,3.3101,3.357,3.3428,204.2514,204.3303,207.2687,204.4127
L03-0017,L03,W02,9,36,8.633,9.0112,8.9832,9.2535,31.5043,31.5138,31.8097,33.7633,3.3889,3.2963,3.3128,3.4,217.8947,222.9295,224.5251,217.3692
L03-0018,L03,W03,41,40,11.8542,12.6934,14.5516,16.8045,21.5367,21.4153,22.0395,21.8462,3.1885,3.2132,3.2352,3.1643,212.4665,212.6483,208.5486,219.2676
L03-0019,L03,W02,8,42,10.9154,12.0286,12.35,13.2738,21.8171,21.7818,22.5039,22.1957,3.1681,3.1516,,3.2627,212.5554,215.8632,211.5205,211.127
L03-0020,L03,W04,11,38,9.5958,10.0977,10.0731,10.5798,23.8802,25.4746,30.2555,36.7169,3.1598,3.1917,3.2222,3.2512,201.8176,203.8508,215.5883,224.3105
L03-0021,L03,W02,39,15,8.9662,9.1661,9.446,9.3257,15.3137,16.1329,15.9296,16.825,3.2532,3.2304,3.2775,3.1783,209.8518,209.0515,212.0728,207.163
L03-0022,L03,W05,5,31,10.3212,10.0935,10.1452,10.4974,21.0952,21.7985,22.8557,22.767,3.1438,3.2092,3.2624,3.4397,202.0143,206.7985,207.8562,218.2496
L03-0023,L03,W01,0,35,10.7779,10.6377,10.6979,10.7694,16.5968,17.0082,16.899,17.1019,3.3611,3.3946,3.3466,3.4117,209.0016,220.1602,216.296,218.0264
L03-0024,L03,W05,24,23,12.7048,12.4627,12.5017,12.3476,22.6914,24.712,26.4459,28.561,3.1947,3.1756,3.276,3.1715,197.1726,202.6387,196.4809,199.5111
L03-0025,L03,W01,0,10,7.8807,8.1839,8.4736,8.9941,17.502,16.9011,17.4273,17.6293,3.3335,3.307,3.4868,3.3698,226.4502,233.6331,227.3854,238.3005
L03-0026,L03,W05,22,35,9.7043,9.9981,9.8191,10.1609,17.5414,17.3135,17.6526,18.013,3.2174,3.2474,3.3074,3.1868,211.5307,215.5334,209.9605,210.4589
L03-0027,L03,W01,58,17,8.0417,8.6954,9.1823,9.2955,15.2579,15.8288,16.1015,16.5575,3.009,3.0812,3.0103,3.1049,214.9395,212.9506,212.6168,224.4606
L03-0028,L03,W04,18,26,13.1361,12.7213,12.9257,12.9464,25.8656,27.1687,28.1532,27.7968,3.2032,3.1979,3.2902,3.2025,203.1024,206.75,204.8179,203.2335
L03-0029,L03,W05,6,23,8.7808,8.7822,8.8088,9.0179,29.1063,29.683,30.1276,30.4861,3.1795,3.1924,3.0923,3.1123,218.2611,214.6984,216.4677,219.6757
L03-0030,L03,W04,54,40,10.833,11.2297,11.0405,11.1542,28.8725,29.5113,30.1225,30.1246,3.1922,3.1328,3.1376,3.2563,196.3304,198.593,191.7374,192.6882
L03-0031,L03,W01,41,31,7.6084,7.7738,7.7154,7.5271,21.0445,20.2679,20.5318,21.0734,3.1706,3.1885,3.1431,3.2203,211.7166,207.6218,210.4083,216.4364
L03-0032,L03,W04,26,2,10.1629,10.2582,10.1633,10.5082,29.6113,30.8228,,63.3113,3.4637,3.4347,3.5402,3.5285,217.7844,212.739,214.9839,212.8018
L03-0033,L03,W01,7,37,10.5902,10.5408,10.7577,10.8123,21.0527,21.2411,21.6064,21.7984,3.272,3.19,,3.2109,210.4891,213.6894,220.6859,211.0479
L03-0034,L03,W01,22,57,9.6648,10.0971,9.9464,9.9793,26.5076,27.6523,28.3327,28.5439,3.2916,3.3899,3.2866,3.294,209.8674,211.3168,215.4593,210.9738
L03-0035,L03,W03,1,25,12.3494,12.652,12.5419,12.929,34.1867,33.3928,34.0671,34.2145,3.142,3.1536,3.2486,3.2062,211.0849,211.6542,219.2075,216.4048
L03-0036,L03,W03,48,26,8.4352,8.5334,8.4536,8.5803,29.7183,30.7508,29.7875,29.7516,3.2681,3.0784,3.2366,3.2244,205.0337,206.9332,214.3785,207.1169
L03-0037,L03,W02,42,55,7.0948,7.0786,7.0771,7.3191,17.0212,17.545,17.4842,18.084,3.1972,3.2851,3.2196,3.2504,210.3336,208.3118,210.3232,209.6292
L03-0038,L03,W01,54,5,7.3713,7.2559,7.5301,7.744,24.7033,26.1681,26.8064,27.8971,3.3077,3.2599,3.3283,3.2998,193.2853,196.7361,194.4933,198.7358
L03-0039,L03,W04,32,25,7.533,7.8058,7.5475,7.6958,20.8268,21.3226,21.5563,21.9241,3.0068,3.0243,3.1149,3.1465,212.3584,205.5243,204.1262,204.339
L03-0040,L03,W03,35,21,8.4876,8.3883,8.6297,8.6164,22.9477,22.6346,23.9623,24.6275,3.1439,3.1431,3.1058,3.1116,201.1761,193.2311,193.8778,197.4539
L03-0041,L03,W01,55,2,11.1024,11.1132,11.5297,11.5751,14.3943,14.5233,13.9558,14.6799,3.1492,3.2347,3.1039,3.187,214.2097,208.0394,206.6712,208.4581
L03-0042,L03,W04,36,34,8.9052,8.5153,8.8629,8.6368,28.4999,29.4037,30.9947,31.1445,3.2522,3.3131,3.1281,3.0948,210.4179,219.217,220.0855,217.3693
L03-0043,L03,W02,46,16,13.2439,12.8882,13.3286,13.7147,30.439,32.2103,32.4887,32.1587,3.1058,3.216,3.2383,3.1032,209.9616,209.7149,208.1424,208.4946
L03-0044,L03,W03,20,4,7.8799,7.8924,7.9774,7.9499,23.2288,22.8392,23.1405,23.2026,3.1205,3.2127,3.045,3.0539,209.3268,213.9071,208.0325,217.7657
L03-0045,L03,W03,58,51,7.2117,7.4311,7.3934,7.3309,20.0835,20.4366,21.2339,21.489,3.239,3.1946,3.1783,3.2151,204.1294,209.926,204.0375,207.0673
L03-0046,L03,W04,41,0,10.1229,11.001,11.7202,12.4359,26.9426,26.2338,27.5933,27.6563,3.1453,3.1809,3.1867,3.2258,219.0308,217.9449,217.1053,215.7764
L03-0047,L03,W02,14,31,7.6415,7.8273,7.8552,7.8988,13.8881,14.2976,14.7827,14.7438,3.2533,3.1932,3.2417,3.2653,199.4246,195.9315,197.1345,193.7946
L03-0048,L03,W05,27,45,11.1836,11.0046,11.1948,11.4194,12.7195,12.8699,13.3417,13.3559,3.1486,3.2101,3.1657,3.239,211.0758,208.223,210.5056,213.0945
L03-0049,L03,W03,7,26,11.0118,11.0911,10.943,11.2764,23.7275,24.5707,24.1635,24.6742,3.1553,3.1228,3.217,3.161,195.7122,191.1619,194.8381,197.112
L03-0050,L03,W02,35,4,9.1037,9.1445,8.9186,9.1015,17.033,17.2308,17.2674,17.8536,3.1957,3.1699,3.139,3.1116,203.153,209.4265,202.2386,197.46
L03-0051,L03,W02,15,54,10.2206,10.2779,10.4953,10.598,25.2627,25.0355,26.2398,26.5015,3.367,3.2704,3.3076,3.263,213.9197,216.8118,210.298,210.5222
L03-0052,L03,W01,47,32,10.602,10.9909,11.9229,11.6061,25.9704,26.1001,25.9108,26.6774,3.1321,3.2246,3.1765,3.1944,229.5485,235.6876,221.5469,224.3686
L03-0053,L03,W04,24,13,9.6882,9.5625,9.3543,9.708,18.7605,19.228,19.2138,19.4626,3.0844,3.235,3.2545,3.1697,212.0705,213.3423,209.7548,215.0052
L03-0054,L03,W03,7,41,10.6902,10.9931,11.8677,12.3986,21.4653,21.3657,21.8582,22.1022,3.0768,3.1136,3.0472,3.1104,189.9784,194.7117,192.6296,186.912
L03-0055,L03,W02,51,46,8.1942,8.3211,8.4019,8.6957,20.3917,19.7565,20.0244,20.149,3.2565,3.2304,3.2486,3.2577,209.337,214.4617,211.7914,216.3941
L03-0056,L03,W04,8,43,10.0585,10.3189,10.5204,10.566,17.5746,18.2512,18.9221,19.7934,3.1163,3.1735,3.1225,3.148,193.7373,195.1895,201.2366,196.9181
L03-0057,L03,W03,18,39,9.156,8.9922,9.4132,9.5648,15.2757,15.5961,15.2693,15.9587,3.1611,3.285,3.2746,3.3063,204.5538,203.6928,209.9477,208.3258
L03-0058,L03,W01,43,58,7.4792,7.7908,7.6324,7.6084,21.2586,21.6534,22.5724,22.9249,3.2567,3.2208,3.2345,3.2891,206.1813,204.6006,203.4192,209.0051
L03-0059,L03,W05,46,25,9.1158,9.1362,8.9812,9.1645,19.108,18.6965,19.0774,19.1232,3.1888,3.1696,3.2793,3.1753,191.3116,197.3707,194.1112,194.2887
L03-0060,L03,W03,41,54,9.2198,9.1171,9.2054,9.4308,21.6854,22.9466,32.4386,41.9564,2.9948,3.069,2.9863,3.0899,199.0943,200.4107,206.9346,228.28
L03-0061,L03,W02,55,14,9.5293,9.7072,9.936,10.0198,16.7952,17.7578,17.4027,17.4716,3.2278,3.1217,3.1576,3.1929,207.843,217.5799,209.9316,206.283
L03-0062,L03,W03,50,59,9.4097,9.3137,9.5239,9.4226,24.7073,24.3971,25.6286,25.8143,3.2481,3.1851,3.1168,3.1821,224.8626,220.0449,220.4018,227.0296
L03-0063,L03,W02,27,17,9.1147,9.4238,9.3565,9.8313,32.5664,32.6666,33.6815,31.6843,3.3448,3.2747,3.3732,3.4148,215.6189,216.7793,221.6024,220.5245
L03-0064,L03,W01,58,37,7.1379,7.7005,8.2147,8.5178,15.4977,15.3246,15.3465,15.3424,3.1735,3.1963,3.1897,3.1861,222.6831,216.8365,219.479,224.3261
L03-0065,L03,W02,38,50,10.2346,10.6627,10.7133,10.7283,25.5116,25.8841,26.5753,25.9042,3.1551,3.225,3.2123,3.1928,208.5338,201.3768,197.7094,203.0524
L03-0066,L03,W02,47,26,8.7522,9.031,9.1655,9.0059,17.3089,17.1826,17.9904,17.8674,3.2256,3.2608,3.255,3.2562,208.4329,209.8838,216.4813,213.3155
L03-0067,L03,W04,42,29,9.6039,9.7304,10.3267,10.088,24.1227,24.3616,25.2066,25.0162,3.3208,3.3869,3.3858,3.3337,215.0539,213.1633,211.0783,215.199
L03-0068,L03,W03,59,43,12.3433,12.7141,13.2566,13.6192,32.165,33.3752,33.6989,33.377,3.3131,3.2855,3.2835,3.1966,204.8973,203.4042,204.3506,203.6672
L03-0069,L03,W03,34,27,8.2458,8.1587,8.4801,8.1161,23.2311,23.8063,29.8035,34.9404,3.0764,3.1794,3.2187,3.1139,223.4896,223.5096,,237.7245
L03-0070,L03,W05,18,16,9.5916,9.4477,9.8328,9.688,25.2029,26.0976,26.8326,28.2413,3.2109,3.2048,3.298,3.234,212.2176,204.722,213.4573,208.5876
L03-0071,L03,W05,31,46,9.6413,9.8866,9.8104,9.6899,22.3871,22.4377,23.24,23.3828,3.235,3.292,3.2861,3.2696,212.7238,209.9571,211.7116,209.5971
L03-0072,L03,W03,35,54,10.1239,10.2153,10.5794,10.6971,20.0758,20.3156,20.3458,20.886,3.1633,3.1337,3.1445,3.13,211.7229,208.2611,205.0311,208.6618
L03-0073,L03,W05,43,39,11.771,11.618,12.1554,11.9367,15.2009,15.6029,16.1649,16.1325,3.0574,3.0696,3.0189,3.0292,223.4534,223.7527,220.7599,222.8645
L03-0074,L03,W03,55,48,8.9908,9.563,10.8502,11.7416,31.037,30.9194,31.5982,32.065,3.0538,3.0336,,3.0522,197.5482,207.6381,,211.4662
L03-0075,L03,W04,21,14,11.0192,11.3515,11.9743,12.7238,25.9601,26.979,26.9902,28.0601,3.3646,3.417,3.421,3.3744,220.6204,224.1128,221.8504,225.2804
L03-0076,L03,W03,39,9,7.5629,8.0374,8.2836,8.5856,18.576,18.3061,18.7768,18.689,3.2944,3.2165,3.2829,3.3122,203.0317,210.2572,210.6651,204.1851
L03-0077,L03,W03,44,9,10.4718,10.6994,11.1526,11.5414,29.1187,30.2117,30.4688,31.5192,3.1423,3.226,3.2109,3.2558,220.4515,222.8982,221.5201,228.5691
L03-0078,L03,W04,49,33,12.0004,12.6622,13.0003,13.4925,19.0857,18.8788,18.7891,20.1737,3.0118,3.0544,3.0064,3.0511,219.2899,213.8575,213.5835,212.4141
L03-0079,L03,W03,30,26,10.1128,9.6757,10.1829,9.8638,24.0869,23.8727,25.2985,24.2762,3.0773,3.1857,3.1736,3.2627,214.0177,212.5494,217.2408,217.6215
L03-0080,L03,W03,16,51,9.7695,9.4879,9.8708,9.8178,19.9468,19.989,20.5801,20.9741,3.1174,3.0808,3.1362,3.1317,215.9839,212.7886,212.6069,215.183
L03-0081,L03,W04,2,13,13.9572,14.5456,14.7608,15.3518,19.6285,20.297,21.2994,22.2151,3.2105,3.1975,3.3229,3.2196,210.2376,209.6263,211.7298,215.263
L03-0082,L03,W01,24,26,10.2827,11.1838,11.0046,11.3213,25.5251,25.9456,25.1303,25.7195,3.0433,3.086,3.0912,3.1797,188.7984,183.7707,180.8068,183.9984
L03-0083,L03,W05,11,28,11.3263,11.7298,11.327,11.8202,22.129,21.0813,22.3936,21.6579,3.2757,3.1888,3.256,3.31,217.8035,217.6932,218.5906,220.3547
L03-0084,L03,W02,8,56,11.5008,11.7273,11.3296,11.2704,34.6465,33.563,33.8843,34.7532,3.3219,3.3618,3.3179,3.3244,208.526,216.5277,217.7347,214.5189
L03-0085,L03,W03,36,23,10.5615,10.7776,11.0019,11.2429,23.5272,23.4767,23.6612,24.85,3.2675,3.2756,3.2991,3.335,205.0129,216.3364,213.3599,211.1058
L03-0086,L03,W04,18,14,9.3607,9.5124,9.5272,9.5026,23.8014,23.759,23.3577,23.7559,3.2655,3.193,3.1565,3.3824,216.3023,216.702,217.061,216.4196
L03-0087,L03,W02,3,31,11.1208,11.6071,12.1412,12.2176,17.0758,17.593,17.1085,17.8485,3.2295,3.2105,3.2009,3.1183,200.5099,202.9383,196.9863,195.6659
L03-0088,L03,W02,41,17,7.7289,8.1502,8.2365,8.055,19.1835,19.0409,18.5311,19.0141,3.3007,3.3564,3.3739,3.2874,206.2849,205.2515,205.9725,205.8924
L03-0089,L03,W04,14,39,9.4332,9.6598,9.4544,9.2615,26.7492,26.9323,28.273,28.3639,3.1079,3.0861,3.1411,3.0874,208.0809,208.5641,206.6239,209.6229
L03-0090,L03,W05,58,28,8.9786,9.4397,9.613,9.7252,25.7754,26.0219,26.1089,25.726,3.1507,3.175,3.1625,3.1934,223.3475,217.1457,213.4334,220.9489
L03-0091,L03,W04,28,6,9.0398,9.4507,9.0665,9.3101,18.6159,17.7042,18.481,18.3078,3.2171,3.124,3.0741,3.1403,220.5353,222.4797,230.4919,222.0788
L03-0092,L03,W02,31,52,7.641,7.6422,7.739,7.625,16.9208,17.5593,16.9209,17.4762,3.2984,3.3908,3.3775,3.3728,198.6332,197.8871,195.9954,200.4968
L03-0093,L03,W02,57,48,9.2017,9.2614,9.0512,9.0736,17.8279,18.003,18.0224,18.4719,3.2074,3.0736,3.1622,3.1897,213.8832,218.9235,221.2016,215.619
L03-0094,L03,W01,49,17,7.2758,7.4558,7.4468,7.405,16.1343,16.3532,16.5998,17.1155,3.0487,3.1006,3.1542,3.1205,190.655,189.0179,191.2812,189.8741
L03-0095,L03,W03,31,27,8.6092,8.9083,9.0015,9.1174,16.6774,17.7659,19.1328,19.5322,3.2617,3.3198,3.1976,3.2286,229.5386,228.9199,227.2846,236.4182
L03-0096,L03,W05,43,52,9.591,9.4977,9.609,9.8374,26.9271,26.83,27.2608,27.9456,3.0667,3.1645,3.1772,3.1385,202.495,199.305,204.3156,199.9987
L03-0097,L03,W03,6,26,9.8992,9.8878,9.9869,10.1522,22.299,23.3343,23.176,23.9064,3.0773,3.1034,3.1438,3.1213,223.8941,228.019,228.1454,224.54
L03-0098,L03,W01,45,45,10.4862,10.4359,10.5348,10.4458,19.2215,19.3767,20.4199,20.9745,3.3501,3.2619,3.2447,3.2155,217.0568,212.8566,227.494,226.9817
L03-0099,L03,W01,23,39,9.6556,10.3439,10.2889,10.4997,18.5615,18.0051,18.7611,18.342,3.1506,3.1962,3.1747,3.2152,211.3528,203.0242,203.655,209.3225
L03-0100,L03,W04,39,40,10.1766,10.256,10.6281,10.8645,18.2875,19.202,20.5092,21.0375,3.2828,3.3302,3.1929,3.1718,204.5349,201.683,208.1563,210.0383
L03-0101,L03,W02,57,41,7.7339,7.7978,7.7232,7.8139,18.4419,18.975,19.3189,19.0706,3.2806,3.2254,3.1589,3.1917,208.4129,217.2992,225.4171,217.6601
L03-0102,L03,W03,23,48,10.6675,10.9398,11.2609,11.1965,14.2044,13.9931,14.2903,14.6198,3.2363,3.3057,3.2231,3.229,216.9995,208.4345,210.3577,220.8689
L03-0103,L03,W01,14,42,10.1992,10.1811,10.474,10.0831,17.7715,18.3102,17.8988,18.0414,3.3155,3.2417,3.3022,3.3585,216.2221,213.4583,209.4514,209.2106
L03-0104,L03,W01,21,12,11.5006,12.4741,12.5489,13.6079,11.5244,11.5668,11.7396,11.8,3.0931,3.2963,3.2062,3.1541,220.3694,230.5187,226.1297,223.5996
L03-0105,L03,W05,42,55,9.14,9.0245,9.1131,9.5052,26.0659,25.979,25.8457,26.2662,3.1774,3.2319,,3.1642,211.4637,203.9973,200.0341,203.8131
L03-0106,L03,W02,28,47,10.2724,10.464,10.2061,10.6681,25.254,25.3429,25.9885,25.1846,3.2659,3.2417,3.2319,3.3069,202.7793,204.906,208.0931,208.3198
L03-0107,L03,W04,30,7,9.0969,9.3121,8.8998,9.1057,23.1218,23.8613,23.3976,23.772,3.2736,3.2008,3.2504,3.2428,212.2529,207.9394,209.7083,208.0044
L03-0108,L03,W03,31,8,11.0653,11.0626,10.9179,10.9374,26.7156,26.7416,27.2258,27.0493,3.2339,3.2476,3.3253,3.1987,201.966,205.9227,209.4823,201.9932
L03-0109,L03,W04,10,20,8.5975,8.8136,9.0623,9.4598,9.1988,9.1899,9.5763,9.7286,3.2486,3.2333,3.2018,3.2584,219.0564,217.4,218.4535,223.1531
L03-0110,L03,W03,23,47,9.5144,9.5945,9.969,10.1917,18.7194,19.1068,19.4719,18.9502,3.3029,3.2647,3.2131,3.2676,211.1617,210.3835,214.4218,210.9479
L03-0111,L03,W04,57,42,11.9715,11.9646,12.2592,12.2641,20.0756,20.3578,20.6604,20.4957,3.1533,3.2331,3.204,3.3184,196.08,198.9835,195.5602,198.8059
L03-0112,L03,W04,7,0,9.1557,9.635,10.7937,12.5589,23.6701,23.6416,24.1127,23.7439,3.2378,3.2493,3.3628,3.2168,214.8084,219.8633,222.4936,227.2281
L03-0113,L03,W03,20,15,9.8129,10.4371,10.5003,10.5028,20.0188,20.7229,20.7481,20.5952,3.1124,3.1406,3.1962,3.2077,216.1406,211.4488,217.866,215.6497
L03-0114,L03,W04,8,5,9.0552,9.0558,9.1112,9.2212,21.9932,22.0809,23.2957,23.9203,3.1307,3.2665,3.1639,3.2112,219.7492,224.1009,220.7901,215.6262
L03-0115,L03,W02,59,43,6.4887,6.6963,6.8043,7.0898,23.5935,23.1124,23.9559,24.5429,3.2163,3.2294,3.2719,3.2191,195.1968,204.3975,202.989,197.9952
L03-0116,L03,W04,23,23,10.0658,10.124,10.1971,10.1505,17.7525,17.5466,18.7902,18.4625,3.2567,3.2863,3.2977,3.3249,209.0509,200.2209,206.912,203.2297
L03-0117,L03,W03,16,7,11.4589,11.5025,11.7726,11.6868,17.2222,17.0215,17.6058,16.7477,3.1286,3.2143,3.2249,3.1212,214.1833,215.6898,216.9317,217.8593
L03-0118,L03,W01,36,22,8.5985,8.3993,8.7213,9.0659,19.6049,19.0426,19.6411,19.6846,3.2961,3.3582,3.2356,3.2392,188.5655,189.4425,190.6146,191.8019
L03-0119,L03,W05,47,46,8.0882,8.4945,,8.6456,15.4554,15.2633,15.8151,15.7226,3.1558,3.1272,3.23,3.2862,199.7404,202.6306,203.7673,204.2125
L03-0120,L03,W04,0,45,11.2646,11.134,11.3823,11.1961,20.2298,20.0613,20.5469,20.5536,3.1593,3.0892,3.1459,3.1858,210.1201,211.1623,214.1818,207.2472
L03-0121,L03,W04,49,24,8.9445,8.8844,9.3475,9.1708,24.6917,25.3225,26.7685,26.1066,3.1326,3.1845,3.0699,3.1524,197.7626,196.0588,192.269,198.0904
L03-0122,L03,W04,15,50,9.9502,9.7258,9.7309,9.7849,12.8408,13.0268,13.7246,13.7333,3.1521,3.1974,3.1694,3.1148,213.5204,215.5482,209.435,208.2399
L03-0123,L03,W03,24,56,10.647,10.9321,11.8208,11.9482,17.9345,18.8263,19.6689,20.4385,3.3075,3.1824,3.2564,3.24,222.75,227.5633,228.8102,224.9916
L03-0124,L03,W01,6,26,8.9711,8.7493,8.974,8.9944,24.3647,23.6359,24.6965,25.0102,3.1393,3.0997,3.0839,3.0949,205.6908,206.5032,200.3157,200.3377
L03-0125,L03,W01,38,48,10.3403,10.265,10.5124,10.3961,13.8842,13.8375,13.8665,13.7572,3.2034,3.2355,3.2144,3.1562,202.288,205.4289,196.7306,203.8098
L03-0126,L03,W03,33,19,8.6248,9.0202,8.901,9.1824,23.0818,23.6871,25.3213,26.1379,3.2828,3.3615,3.3321,3.2978,211.6494,216.8305,217.0309,213.5376
L03-0127,L03,W04,36,31,8.9542,9.1558,10.5192,10.7962,32.9685,33.641,37.7632,46.5587,3.1966,3.2384,3.1925,3.2955,200.7074,195.0238,191.9278,195.8993
L03-0128,L03,W03,17,39,9.0971,9.3647,9.8558,9.9068,18.5536,19.5177,19.4069,19.371,3.1664,3.147,3.1491,3.146,225.7237,224.7596,226.2888,223.7897
L03-0129,L03,W04,49,33,9.916,9.8244,9.8659,9.8273,17.3186,17.73,17.4323,17.8853,3.1687,3.1843,3.1152,3.1721,212.6211,210.0116,211.7723,209.9267
L03-0130,L03,W02,31,39,7.423,7.635,7.8034,7.9496,21.9795,23.4306,24.0875,23.2408,3.2648,3.3679,3.3015,3.1498,218.8121,219.1024,222.97,225.1533
L03-0131,L03,W02,11,13,9.1737,9.3942,9.2921,9.3601,15.9513,16.8201,16.6939,16.6209,3.2494,3.1867,3.1728,3.3171,218.0475,207.6724,211.9345,213.4722
L03-0132,L03,W04,54,2,9.3846,9.4699,9.6865,9.2886,28.464,29.0547,28.7593,29.3406,3.0402,3.2336,3.123,3.1429,222.5292,218.3826,226.2768,225.4052
L03-0133,L03,W03,55,44,9.8146,9.8277,10.03,10.0066,16.4348,18.1128,19.7258,20.5756,3.2035,3.243,3.1108,3.3056,205.179,205.1831,203.5699,206.9817
L03-0134,L03,W02,53,52,11.3981,17.1723,35.7874,55.8262,19.6933,24.3024,44.9857,74.216,3.1711,3.4702,4.29,4.9537,198.1764,218.2894,261.3054,293.7461
L03-0135,L03,W05,57,29,10.9178,17.5219,35.5172,52.2372,14.8151,24.1268,47.0369,67.8739,3.0657,3.2786,3.9843,4.4272,208.4675,211.4094,253.4962,279.3421
L03-0136,L03,W05,5,39,11.1921,11.1387,11.3082,12.04,18.6486,18.6098,18.9945,20.431,3.0531,3.0095,3.1455,3.002,189.5117,198.2556,200.6805,196.7949
L03-0137,L03,W02,0,37,11.2553,11.5933,11.1866,11.4719,14.2139,14.6706,14.741,14.8333,3.2172,3.2603,3.1777,3.1774,200.8942,201.4112,202.4029,201.5476
L03-0138,L03,W03,28,0,13.2075,16.6568,42.4204,84.2737,17.5513,21.59,55.6246,111.0795,3.002,3.1128,3.7194,4.9801,218.3627,219.3418,279.817,381.9224
L03-0139,L03,W05,32,42,10.5957,10.5044,10.8066,11.3051,11.9699,12.4294,12.8431,12.5876,3.1933,3.2155,3.2079,3.2884,218.4257,209.0632,204.5874,216.5139
L03-0140,L03,W04,57,22,10.8153,11.0342,11.0304,11.0888,21.127,21.1034,21.1107,21.6227,3.2218,3.2174,3.1856,3.1578,206.2101,218.4234,218.5754,216.0114
L03-0141,L03,W04,28,45,12.1658,12.2482,11.8109,12.5026,19.8418,20.4759,19.761,20.7399,3.2101,3.0828,3.1761,3.1414,218.9057,212.1461,215.5327,213.4536
L03-0142,L03,W03,39,46,11.0885,11.397,11.4673,11.6173,19.5879,19.5615,21.0114,20.8293,3.1667,3.2203,3.1623,3.2118,218.039,212.6788,214.2263,209.051
L03-0143,L03,W03,9,4,9.631,10.0921,10.8796,11.6875,20.993,21.3431,21.1509,21.388,3.1209,3.0931,3.1157,3.1814,215.2528,212.4699,217.3317,210.9913
L03-0144,L03,W01,42,42,12.4624,12.6899,12.7566,12.892,15.7863,16.071,16.4191,17.3187,3.2048,3.2656,3.2722,3.2411,207.003,210.7978,212.6046,207.6493
L03-0145,L03,W04,8,49,11.2203,11.6988,11.7574,12.2982,25.4705,26.9964,27.636,27.741,3.0633,3.0807,3.113,3.1305,208.1267,212.8653,207.1874,209.4433
L03-0146,L03,W02,17,31,7.7517,7.9477,7.9684,8.1838,25.3188,24.1798,25.5345,25.4507,3.3182,3.2975,3.2834,3.3072,208.255,202.8357,212.4102,209.7231
L03-0147,L03,W05,4,49,7.0062,7.2279,7.1378,6.9446,17.1955,17.2547,17.3178,18.0134,3.1588,3.2088,3.2744,3.2127,199.5798,203.4529,199.0492,202.9179
L03-0148,L03,W01,11,6,9.7678,9.5942,9.6281,9.6986,14.2056,13.9328,13.8311,14.1869,3.2859,3.3518,3.314,3.287,210.3815,203.2303,209.6179,207.1349
L03-0149,L03,W02,16,18,12.7823,12.7447,12.4825,12.6236,18.3029,18.6136,18.8683,19.3688,3.2595,3.3565,3.3074,3.3235,216.9842,217.4219,223.468,222.4846
L03-0150,L03,W05,0,44,12.0869,12.0221,12.4585,12.2736,18.7728,19.6974,21.1196,21.127,3.2595,3.1714,3.3196,3.2511,220.1297,222.6709,220.6572,221.7269
L03-0151,L03,W03,51,4,11.5924,11.7472,12.4427,13.0403,15.283,15.8667,15.5732,15.6421,3.1837,3.1643,3.1379,3.1904,227.3512,223.7705,227.604,220.3044
L03-0152,L03,W01,35,26,10.6936,10.3553,10.6915,10.736,14.6913,16.1416,16.5743,18.1887,3.164,3.2079,3.1421,3.243,205.2189,205.0674,212.5025,213.1788
L03-0153,L03,W04,19,20,10.6524,10.8879,11.0072,11.1297,15.4084,15.6617,16.2239,16.2286,3.0734,3.1931,3.1756,3.174,204.3079,201.3241,202.1887,203.0555
L03-0154,L03,W01,17,43,13.7749,14.533,15.6886,16.9165,23.9307,28.3607,38.2208,45.8223,3.1871,3.2087,3.1623,3.1144,212.6143,217.2483,223.7323,225.0079
L03-0155,L03,W01,20,23,11.4955,11.2242,11.5966,11.7207,18.1866,17.8968,17.6192,18.5274,3.2622,3.2544,3.2278,3.1975,217.9272,208.1018,213.5598,219.2799
L03-0156,L03,W04,57,21,10.1846,9.9892,10.021,10.2396,18.3536,18.6969,19.1386,18.7834,3.2402,3.3396,3.2732,3.2635,213.6626,211.7216,209.098,212.6799
L03-0157,L03,W03,4,8,8.7202,8.5609,8.8164,8.8896,26.454,27.2514,,27.286,3.1613,3.1706,3.1274,3.161,203.7552,207.0744,206.4375,201.8332
L03-0158,L03,W03,3,5,9.1826,9.1503,9.3388,9.5043,14.7616,14.8051,15.0685,15.1238,3.1883,3.2447,3.1999,3.1562,239.3212,233.609,239.391,238.4992
L03-0159,L03,W04,42,30,10.531,10.8428,11.1099,10.7268,14.0087,14.408,14.5708,14.9292,3.1315,3.274,3.2126,3.1687,228.5828,232.0572,232.2408,237.4324
L03-0160,L03,W05,44,57,8.0433,8.4703,8.8722,8.9996,18.7972,19.6459,20.1892,20.8715,3.1316,3.1526,3.2457,3.2021,192.6055,197.7752,201.715,195.1862
L03-0161,L03,W04,15,27,8.5964,8.8583,8.7772,8.717,31.4787,31.5662,31.6567,32.1581,3.2001,3.2397,3.2611,3.2092,203.5643,199.875,207.514,207.2884
L03-0162,L03,W01,20,41,11.1679,10.9269,11.153,11.1815,23.9031,24.5815,25.5231,26.8903,3.1995,3.1642,3.1942,3.2276,204.3343,202.3986,208.6706,211.9757
L03-0163,L03,W01,39,13,11.9479,11.7092,12.3128,11.981,19.1238,18.8966,19.3895,19.2313,3.1461,3.1218,3.1746,3.1344,192.6347,193.6985,201.2575,200.1637
L03-0164,L03,W04,24,41,8.4897,8.8258,8.9524,9.1936,26.6263,27.2381,27.2364,28.0735,3.1458,3.1734,3.2501,3.1825,209.2034,206.3911,207.7886,206.3081
L03-0165,L03,W05,41,28,9.603,9.8327,9.7293,10.0547,16.5286,16.9684,16.8975,16.9069,3.2181,3.2377,3.2542,3.2374,207.4361,207.7203,210.313,205.8286
L03-0166,L03,W01,37,44,11.6487,11.9367,12.0266,12.1665,17.9829,18.5222,18.9857,19.1389,3.169,3.1511,3.1957,3.0936,205.9438,197.7319,206.7691,212.7772
L03-0167,L03,W04,21,59,9.2071,9.4436,9.4054,9.5054,14.2922,14.1377,14.1532,14.7596,3.0883,3.2134,3.1571,3.1081,206.1995,209.5276,205.7194,203.4425
L03-0168,L03,W05,24,33,9.0837,9.6934,9.5649,9.7279,14.2086,14.965,14.769,14.5789,3.2952,3.3441,3.3827,3.4536,188.8501,190.2886,190.2833,185.4156
L03-0169,L03,W05,45,56,7.6237,7.6844,7.9216,8.1324,15.7121,15.617,15.9012,16.0641,3.2342,3.2189,3.2427,3.1948,216.2617,212.1227,209.5835,219.9233
L03-0170,L03,W02,33,18,8.3729,8.5499,8.482,8.6944,22.1976,22.6287,23.5336,23.559,3.1761,3.1709,3.313,3.2793,212.6689,211.4007,217.4561,219.7809
L03-0171,L03,W05,0,6,10.8018,11.7043,13.2954,14.1519,25.4286,26.7307,27.4185,28.8714,3.3011,3.3637,3.2069,3.3272,223.6673,221.8057,218.9686,220.5396
L03-0172,L03,W05,50,26,13.041,13.5356,13.7934,14.2914,24.5113,24.3948,24.614,25.2357,3.2049,3.2107,3.201,3.1516,230.1406,223.3979,228.3487,228.4714
L03-0173,L03,W03,56,36,11.7095,11.6897,11.7778,12.3304,16.281,17.1638,16.986,16.6982,3.2308,3.1036,3.2022,3.0987,201.7624,211.0607,209.7764,208.1804
L03-0174,L03,W01,58,56,7.5765,7.5285,7.8867,7.9336,17.5409,17.9209,18.2362,18.9071,3.1844,3.1263,3.1456,3.116,216.8048,216.2322,218.4812,215.2983
L03-0175,L03,W05,2,40,8.6749,8.5989,8.86,8.9627,17.5576,17.8078,18.4386,18.5791,3.1521,3.176,3.1862,3.2227,202.043,195.9799,202.1169,200.0062
L03-0176,L03,W02,25,42,13.1302,13.7357,13.7763,13.7712,20.2989,19.7573,19.9979,20.2086,3.2958,3.1406,3.2443,3.1887,203.4642,206.3465,202.7905,208.3584
L03-0177,L03,W02,53,49,9.2463,9.7058,10.1636,10.942,17.3223,17.8991,18.1706,18.1969,3.2295,3.289,3.2386,3.2758,223.805,221.2102,219.6664,216.8423
L03-0178,L03,W04,58,12,9.6559,9.5878,9.8813,9.8166,15.4758,15.6115,15.7667,15.9127,3.3109,3.1557,3.205,3.2974,206.8431,209.1639,208.3472,208.3559
L03-0179,L03,W04,45,59,8.7523,8.5352,8.8277,8.9444,17.6493,17.6644,18.3849,17.8479,3.2256,3.2248,3.3053,3.2043,207.0373,203.1624,207.4252,205.083
L03-0180,L03,W05,17,47,8.7406,9.1948,9.5641,9.0712,18.7739,18.4991,19.051,18.8877,3.1434,3.1652,3.1253,3.13,194.6871,188.5559,193.1403,196.3623
L03-0181,L03,W03,13,45,12.1801,12.3416,12.5693,12.5036,22.9438,23.212,23.0556,23.2069,3.2459,3.3522,3.2831,3.3075,206.3353,203.742,205.966,209.0744
L03-0182,L03,W03,56,3,11.8959,12.4397,13.7622,13.8836,19.1157,17.9794,20.0428,19.0377,3.1401,3.2033,3.1494,3.1688,201.7952,205.8508,201.8446,204.3656
L03-0183,L03,W04,49,28,12.2246,12.1398,12.075,12.2528,27.678,29.3248,30.7796,30.9274,3.2196,3.2017,3.1872,3.1224,231.69,231.9604,236.3157,233.0939
L03-0184,L03,W05,54,11,10.4307,10.3134,10.3836,10.4857,19.6649,19.0272,19.4376,20.2983,3.1663,3.1081,3.2034,3.0801,204.1443,202.2325,202.1056,208.2473
L03-0185,L03,W03,40,46,8.702,8.6521,8.6379,8.8041,18.2497,18.6923,18.5597,18.464,3.2099,3.2039,3.186,3.2157,230.5609,222.716,232.2678,237.302
L03-0186,L03,W01,51,22,8.2338,8.2932,8.3499,8.3613,18.5395,18.6953,18.6638,18.4195,3.1756,3.3317,3.266,3.2175,208.8167,211.8424,212.1286,212.3918
L03-0187,L03,W04,33,38,11.0092,10.5876,11.289,10.6989,27.3018,27.7433,28.3465,28.8219,3.2277,3.2873,3.1731,3.2147,186.8099,185.438,182.8277,183.1778
L03-0188,L03,W05,46,6,9.1279,13.4112,39.8878,72.943,15.9009,22.1953,52.4759,96.3124,3.2228,3.4756,3.9635,4.837,199.6923,214.8099,266.3082,319.9434
L03-0189,L03,W04,10,30,9.6488,9.954,9.7636,9.8377,25.4228,28.4862,29.9795,31.3724,3.2556,3.1351,3.183,3.0966,209.3434,210.7476,206.8472,206.8399
L03-0190,L03,W01,9,19,8.4349,8.8243,8.7013,9.0347,14.0456,14.3623,16.0659,16.8372,3.212,3.2101,3.1773,3.1958,197.8759,198.1874,204.0992,207.1891
L03-0191,L03,W01,36,59,9.9952,10.4184,10.8067,10.638,19.4943,19.8852,20.4948,20.2228,3.1642,3.1715,3.2873,3.3203,217.016,216.3233,213.4358,216.4808
L03-0192,L03,W05,17,10,9.4435,9.792,9.8772,10.0113,16.0669,16.242,17.2065,17.0719,3.3684,3.3171,3.3257,3.1909,214.5986,214.057,213.8245,213.2007
L03-0193,L03,W04,24,59,12.3689,12.0977,12.0705,13.0266,21.6636,22.7142,23.3658,23.4366,3.2424,3.0832,3.0693,3.083,216.4345,213.0585,208.1472,213.6534
L03-0194,L03,W03,42,17,9.6968,10.2069,10.254,10.5989,22.3227,21.8259,21.6449,22.4021,3.2106,3.2216,3.1311,3.1631,220.1744,219.6141,219.2594,218.3908
L03-0195,L03,W02,15,42,10.6493,11.3243,11.5679,11.8955,17.6662,17.621,18.132,18.4197,3.1849,3.2172,3.2061,3.2845,217.412,223.6897,,224.1311
L03-0196,L03,W04,34,45,9.8906,10.8274,11.4423,11.7046,24.1418,24.3747,25.0221,24.3731,3.2035,3.185,3.2608,3.166,216.1361,217.4554,216.1239,215.4828
L03-0197,L03,W04,18,5,8.7108,8.4078,8.776,9.0636,22.1717,23.331,22.2276,22.9558,3.1748,3.0384,3.091,3.1862,194.3002,192.9855,193.5584,196.3033
L03-0198,L03,W01,22,33,9.1544,9.333,9.3412,9.6119,22.4028,23.3156,24.1558,23.7888,3.1142,3.0373,3.1722,3.1303,212.7849,214.4931,216.061,210.0163
L03-0199,L03,W04,17,30,11.073,11.0409,11.4846,11.2218,13.9209,13.7087,13.9599,13.7794,3.1058,3.0757,3.1308,3.1212,192.835,199.3006,201.3904,189.7183
L03-0200,L03,W02,3,0,6.7623,6.953,,7.3956,22.2526,21.7365,22.0083,22.3974,3.1975,3.1332,3.1727,3.1811,201.2262,198.8377,202.8803,198.7212
L03-0201,L03,W03,14,35,12.3732,12.1958,12.5511,12.6286,18.4869,18.4735,18.3974,18.6219,3.1603,3.103,3.1268,3.2189,214.2781,211.7556,215.9384,214.4669
L03-0202,L03,W02,33,50,15.0729,14.6208,15.0253,14.8087,18.683,19.3964,20.6943,22.0947,3.0586,3.0637,3.0943,3.0258,210.6724,218.2088,211.7815,213.2743
L03-0203,L03,W02,3,0,9.5092,9.5048,9.8291,9.7765,20.5725,20.7706,21.3053,21.6169,3.058,3.147,3.1762,3.1654,206.3656,203.1768,202.7048,207.7
L03-0204,L03,W05,11,52,10.0352,10.3695,10.6946,11.0435,20.4997,19.9562,20.8106,20.5829,3.2239,3.1095,3.1815,3.1943,209.5686,206.8117,206.2666,211.75
L03-0205,L03,W01,35,20,14.7188,14.9627,15.1738,15.1717,26.5375,29.6732,31.8403,34.3419,3.1944,3.0919,3.2455,3.1856,220.8992,217.7632,220.1823,217.3714
L03-0206,L03,W03,35,1,10.3036,10.8226,11.5989,11.5994,23.1496,23.3238,23.4598,23.5915,3.2851,3.2959,3.344,3.3769,210.49,209.4556,212.9309,211.9695
L03-0207,L03,W01,11,52,11.5759,11.2365,11.7888,11.6691,17.4363,18.0842,18.7658,18.3741,3.1958,3.1344,3.2035,3.1134,192.3369,201.4996,206.7306,205.8407
L03-0208,L03,W01,17,29,10.7802,10.6745,11.0031,11.1812,25.6007,24.992,,25.7087,3.3132,3.3142,3.2723,3.3374,190.6551,192.839,198.9295,193.5745
L03-0209,L03,W03,33,47,9.038,9.472,9.6755,10.0734,30.8245,31.7252,31.6962,32.6018,3.2598,3.3033,3.2173,3.1385,212.0611,214.4332,218.0169,220.0401
L03-0210,L03,W01,32,59,7.7129,7.5528,7.7036,7.6467,24.4494,24.5009,25.5141,25.5415,3.1707,3.1619,3.3041,3.2648,219.7778,219.0995,224.6221,224.4984
L03-0211,L03,W05,34,40,9.3405,9.7444,9.9188,9.9582,21.7942,22.6322,24.3503,25.4806,3.1754,3.2121,3.1194,3.1558,218.3342,217.1634,222.274,215.5855
L03-0212,L03,W04,18,43,11.0248,11.2604,11.3757,11.3963,22.8774,22.8957,23.2939,22.5429,3.1737,3.2762,3.1719,3.2006,221.7101,212.9062,218.2845,217.5994
L03-0213,L03,W02,42,4,11.6937,12.3691,12.8453,13.0885,22.1901,23.2738,23.8961,24.5971,3.082,3.1422,3.1687,3.1324,210.9996,213.9466,219.4486,215.9152
L03-0214,L03,W05,20,46,10.7741,10.6087,10.6409,10.7017,20.7529,21.426,22.0242,23.0077,3.1942,3.1971,3.188,3.1469,201.5961,202.2613,200.0385,206.5264
L03-0215,L03,W03,6,9,7.3702,6.9817,7.2977,7.3198,24.2658,25.2314,26.0417,26.7256,3.3094,3.2639,3.2555,3.2812,200.6232,200.921,202.4374,204.9008
L03-0216,L03,W04,39,12,9.3267,9.5011,9.7034,9.8126,14.8644,15.2552,,15.1757,3.1072,3.2722,3.199,3.3413,201.764,201.7642,211.7954,223.656
L03-0217,L03,W01,49,27,11.4584,11.3712,11.7028,11.1702,25.0411,24.1485,25.6109,25.3618,3.2221,3.1023,3.1936,3.2181,208.0726,217.5134,206.5235,208.2111
L03-0218,L03,W01,25,37,10.3224,10.3068,10.3543,10.5311,26.2568,26.9959,27.2205,27.1693,3.2133,3.2448,3.2563,3.2776,205.1035,207.3944,210.5921,206.5107
L03-0219,L03,W01,20,51,11.1509,10.7622,10.9947,11.4605,15.9787,16.2527,16.0659,16.1259,3.2177,3.2606,3.2766,3.2016,209.8997,207.1735,207.3283,212.1355
L03-0220,L03,W04,49,0,9.7221,10.0407,10.0306,9.9382,18.4279,18.7741,19.2987,19.2104,3.1333,3.1203,3.2145,3.1913,195.8626,193.4762,190.9465,193.4053
L03-0221,L03,W04,21,37,13.6499,13.569,13.9426,13.7977,20.2183,20.3809,20.9097,20.6529,2.9872,3.0234,2.9961,3.0691,217.0623,219.5579,226.1573,220.3086
L03-0222,L03,W02,54,58,9.0777,9.224,9.1826,9.3248,18.2581,18.7719,19.5546,19.6157,3.2319,3.2357,3.2595,3.2346,199.9505,198.0815,200.3282,201.2505
L03-0223,L03,W05,48,17,11.1614,11.9942,12.2923,13.0134,28.6821,28.401,28.4525,29.1505,3.1272,3.1839,3.1848,3.189,204.1234,204.079,208.6434,204.2338
L03-0224,L03,W02,2,23,9.7563,10.0093,9.8506,10.2358,17.662,18.6318,18.6019,18.8608,3.0899,3.0593,3.3602,3.2031,206.6987,205.3963,206.0762,202.1254
L03-0225,L03,W04,14,54,10.9909,11.1061,12.0837,11.9827,10.4276,10.72,11.0145,11.2245,3.2564,3.2596,3.1899,3.3136,214.9086,209.8359,215.4455,216.6025
L03-0226,L03,W03,47,19,8.4713,8.5574,8.8003,8.6835,22.9352,23.7384,23.4163,23.6261,3.2842,3.2235,3.1745,3.2769,205.5536,216.8589,215.9797,215.4906
L03-0227,L03,W03,17,44,9.5953,9.9746,9.7057,10.0517,19.344,19.4133,18.9845,19.2683,3.2181,3.3266,3.2624,3.2524,211.9462,210.3951,209.5865,216.1822
L03-0228,L03,W05,59,59,12.4561,12.8941,13.1165,13.3108,11.4748,11.4393,11.4433,11.3166,3.0907,3.0858,3.1451,3.1662,226.7356,222.2581,228.1187,230.5014
L03-0229,L03,W03,30,16,9.2953,9.473,9.4361,9.4672,15.7816,16.2512,16.5329,16.8686,3.2572,3.2547,3.3494,3.3317,210.1043,213.8508,208.8343,215.7892
L03-0230,L03,W04,47,17,9.699,10.1183,10.0801,10.1558,27.3723,27.6256,28.4854,28.8882,3.2864,3.2284,3.141,3.2468,213.0906,210.8617,209.6166,210.9176
L03-0231,L03,W05,4,49,8.3354,8.3785,,8.1824,21.6468,22.5313,23.4371,23.9052,3.2211,3.1985,3.298,3.1635,193.219,194.0703,200.0689,201.2512
L03-0232,L03,W02,7,32,13.363,13.2527,14.09,14.3575,14.4023,14.2892,14.8778,15.2317,3.3786,3.2859,3.3927,3.3076,220.4527,226.7407,224.5926,224.8388
L03-0233,L03,W03,40,22,9.1966,9.8175,10.1114,10.1287,21.3033,20.8064,20.6724,21.4658,3.1262,3.0338,3.2046,3.164,198.9786,197.7047,203.9665,204.6858
L03-0234,L03,W05,54,39,10.3318,10.8931,11.3193,11.622,14.3579,14.8093,15.5227,16.3649,3.2582,3.1984,3.2402,3.2965,209.4361,210.2663,212.9912,214.3853
L03-0235,L03,W01,30,19,9.5365,9.6712,10.2892,10.2067,18.6997,19.1313,19.4255,20.0108,3.3094,3.329,3.2316,3.3501,215.3522,217.2916,218.2081,218.9039
L03-0236,L03,W01,19,24,8.0949,8.6906,8.9427,9.3682,24.7239,25.1474,25.6511,26.7002,3.203,3.2242,3.2285,3.2875,186.3198,198.5285,198.0237,188.2249
L03-0237,L03,W04,45,52,8.4612,8.4469,8.6099,8.9151,23.8896,24.319,24.0866,23.5156,3.1962,3.1102,3.1598,3.2075,196.5407,197.0081,199.6964,197.7618
L03-0238,L03,W02,50,49,9.7079,10.1109,10.2044,10.6424,22.8413,23.2663,23.0471,23.0319,3.3749,3.2993,3.4246,3.3397,218.1034,221.6887,218.2173,224.0933
L03-0239,L03,W01,3,0,8.0654,7.9197,7.9578,8.1209,18.2157,19.0316,18.0575,18.7948,3.3119,3.2612,3.2323,3.3129,203.4194,199.8023,204.0263,202.2731
L03-0240,L03,W02,49,43,10.9689,11.5446,12.307,12.5931,18.9946,20.1638,21.4597,22.2494,3.1909,3.2674,3.247,3.26,217.703,218.8278,215.196,215.3717
L03-0241,L03,W04,59,55,9.3318,9.4128,9.5297,9.3143,18.1753,19.1398,19.7284,19.487,3.2473,3.2304,3.2362,3.2451,214.7515,215.0853,209.5166,217.9655
L03-0242,L03,W05,15,10,10.5086,10.5275,10.5707,11.3046,20.4864,21.7495,23.543,24.3544,3.0867,3.1047,3.1805,3.1401,209.2511,205.3308,204.2971,211.5459
L03-0243,L03,W05,31,58,8.3848,8.2648,8.4813,8.465,16.6061,17.209,17.5152,16.9633,3.2052,3.1866,3.2323,3.2385,200.6626,201.2825,199.2524,201.3745
L03-0244,L03,W04,11,6,7.756,7.8203,7.7694,7.9321,20.2643,20.1663,19.6957,20.2382,3.1424,3.0918,3.1633,3.217,215.2427,221.1704,217.3741,218.6971
L03-0245,L03,W02,51,59,11.8608,11.7419,11.6322,11.958,22.4642,23.1739,,22.8051,3.1523,3.1479,3.2747,3.2173,219.7654,217.4363,217.3172,216.4184
L03-0246,L03,W03,2,9,11.4677,11.3838,11.7826,11.7609,25.951,26.7397,28.1981,28.3586,3.1136,3.0611,3.1571,3.1102,216.8797,214.3629,219.1048,223.0032
L03-0247,L03,W04,45,1,10.1218,10.3134,10.8527,10.7197,18.0527,18.1285,18.743,19.0855,3.1634,3.2886,3.2607,3.1803,214.3483,213.2643,217.7996,214.2123
L03-0248,L03,W05,10,4,10.0688,10.3793,10.7082,10.3959,20.6534,20.4768,21.007,20.4725,3.0894,3.094,3.171,3.1395,208.0795,217.9763,222.9213,220.8817
L03-0249,L03,W05,26,52,9.0099,8.7808,8.924,8.8345,23.2919,24.2747,23.6277,23.715,3.1773,3.1618,3.1628,3.102,195.2581,192.8332,201.8549,196.6375
L03-0250,L03,W04,22,49,9.302,9.6716,9.7268,9.3044,9.6707,10.0321,10.321,10.3857,3.1911,3.2162,3.2773,3.2987,198.2666,191.6687,195.0376,195.3179
L03-0251,L03,W02,22,28,7.5796,7.6992,7.8193,7.8615,26.3642,26.8914,28.0156,28.6693,3.1496,3.0953,3.1765,3.1393,201.9669,201.5616,199.3741,200.085
L03-0252,L03,W03,19,53,8.363,8.5049,8.75,8.9553,21.5615,22.7887,22.6822,22.7957,3.1912,3.1782,3.2914,3.2079,209.9419,213.2322,219.0251,214.5449
L03-0253,L03,W02,30,30,10.2737,10.6909,10.515,10.4268,18.8005,18.0646,18.1551,18.4641,3.1304,3.125,3.158,3.1143,213.1489,218.7058,216.5896,210.0495
L03-0254,L03,W02,15,9,11.5588,12.1532,12.9101,13.7777,27.5987,28.5643,28.2356,29.4567,3.1492,3.0939,3.1497,3.2036,216.1789,218.9044,221.2314,225.9262
L03-0255,L03,W02,31,50,11.0579,11.3097,11.2271,11.3778,30.6566,31.0784,31.3247,32.0798,3.1501,3.1253,3.1538,3.1642,222.0656,222.556,226.142,219.1086
L03-0256,L03,W01,45,27,8.3298,8.2905,8.4263,8.6849,19.7216,20.0017,20.2125,20.605,3.206,3.2877,3.213,3.2286,218.9714,212.5059,213.7037,212.5879
L03-0257,L03,W04,42,53,13.9906,14.2444,14.6435,14.9006,18.6605,18.657,19.4171,18.9611,3.3317,3.3294,3.3138,3.3052,194.7309,194.925,193.6065,198.5354
L03-0258,L03,W05,51,12,13.0511,13.2693,13.2613,13.3111,18.3293,18.2946,18.3558,18.7164,3.1508,3.1071,3.0848,3.1354,203.1799,194.7808,199.7643,198.275
L03-0259,L03,W03,17,21,9.4042,9.6016,9.2975,9.2877,17.8934,18.0324,17.8085,17.3232,3.0567,3.1491,3.154,3.1523,210.1486,204.9399,208.2895,212.1002
L03-0260,L03,W04,16,4,9.4176,9.5809,9.5223,9.8798,26.4929,27.8676,27.6167,27.5357,3.0876,2.9523,3.18,3.1147,236.1601,230.7048,234.1207,231.9569
L03-0261,L03,W05,18,2,10.4504,11.8396,12.4365,12.6721,18.5563,19.3551,,19.8508,3.1214,3.1425,3.1639,3.1917,194.8494,201.5058,192.8517,203.9117
L03-0262,L03,W03,53,10,9.6841,10.1778,10.4003,10.3073,16.6591,16.6504,17.2019,17.2451,3.1296,3.2026,3.2132,3.1624,210.4983,203.0012,202.9216,207.0598
L03-0263,L03,W02,33,42,11.5212,11.9457,12.462,12.827,22.362,22.0917,22.8076,22.8647,3.2735,3.3128,3.3352,3.2731,231.3217,227.2669,224.7521,228.2166
L03-0264,L03,W04,55,48,10.726,10.9911,10.8615,10.7114,28.5658,29.9184,30.2861,31.622,3.2446,3.1837,3.2345,3.2651,224.9155,222.327,230.2833,225.9308
L03-0265,L03,W01,44,31,11.5186,11.2368,11.5856,11.3414,22.4476,21.8438,21.898,21.694,3.2475,3.2303,3.2958,3.2516,208.2184,215.2126,214.6208,212.5402
L03-0266,L03,W03,15,28,9.387,9.681,10.3742,11.2561,12.3763,12.2301,12.2802,12.3935,3.1828,3.1604,3.1366,3.1591,208.4249,207.7515,206.6196,211.1484
L03-0267,L03,W02,40,23,8.5593,9.0625,9.1518,9.3977,13.7982,14.1208,14.1146,14.0026,3.2605,3.2443,3.2167,3.2197,219.585,216.3611,223.2505,220.1187
L03-0268,L03,W04,57,31,11.7689,11.9975,12.363,12.5765,12.825,13.2645,12.8593,13.1086,3.1382,3.099,3.1949,3.0734,211.6049,210.6223,212.5348,211.6155
L03-0269,L03,W04,4,43,10.1013,9.8768,10.0127,10.1679,21.8497,22.0305,22.6609,23.3849,3.2379,3.2743,3.2054,3.2511,211.307,208.8377,205.4447,207.1242
L03-0270,L03,W04,23,4,12.0355,12.9362,13.9647,15.5968,18.898,19.1505,22.5391,22.8378,3.2671,3.234,3.2439,3.2277,201.8068,198.66,200.9955,205.6533
L03-0271,L03,W02,58,3,11.4421,11.7372,12.0163,12.847,17.2288,17.8,18.6494,19.0573,3.2126,3.1777,3.1789,3.2663,212.4857,215.5388,207.9918,216.6122
L03-0272,L03,W04,36,40,9.5338,9.6434,9.8399,9.9223,18.8127,19.9616,19.4873,19.276,3.3198,3.2421,3.399,3.4285,216.6404,218.5607,214.2145,209.235
L03-0273,L03,W02,31,48,10.3786,10.6062,10.7611,10.3776,15.5951,16.8046,16.7268,17.3575,3.287,3.1666,3.1955,3.2536,208.5395,209.3859,210.5424,209.3334
L03-0274,L03,W04,57,13,10.7309,10.7444,11.0149,11.1451,18.9257,18.1091,19.339,20.1355,3.1435,3.27,3.3336,3.2924,206.7917,207.231,206.8098,207.7079
L03-0275,L03,W02,47,46,8.9428,9.0989,9.2275,9.4043,20.2214,20.4076,20.3424,20.6799,3.2092,3.2009,3.1415,3.1663,203.9855,209.8268,209.4243,205.3639
L03-0276,L03,W04,7,3,11.8585,12.0877,12.3003,12.9287,17.794,18.0584,17.7963,18.6627,3.1277,3.2527,3.1553,3.1964,214.268,217.5637,216.4752,215.2213
L03-0277,L03,W03,55,53,7.7869,7.7061,7.6221,7.8635,20.8593,19.9074,20.776,20.135,3.1146,3.0826,3.1649,3.0736,208.6747,206.3239,202.5474,200.4601
L03-0278,L03,W02,49,40,9.3537,9.3933,9.4068,9.8452,14.2974,14.8759,14.8948,14.5508,3.2245,3.2059,3.2104,3.2524,209.9879,210.1843,212.7039,210.1274
L03-0279,L03,W04,49,34,8.866,8.5967,8.8323,8.7457,19.5743,19.5828,20.2245,19.3482,3.3049,3.3356,3.3128,3.3018,203.1167,212.1448,210.4316,211.5134
L03-0280,L03,W05,27,46,11.2239,11.9827,11.9788,11.8544,21.9224,21.9649,22.2463,21.932,3.1581,3.2319,3.1863,3.1802,210.9762,208.6207,208.8145,211.1695
L03-0281,L03,W03,7,16,9.4883,9.6752,9.8121,10.0607,17.829,18.3709,17.9228,18.7938,3.1728,3.1462,3.0935,3.1305,213.3039,211.6786,213.315,208.8429
L03-0282,L03,W04,19,26,10.1813,11.0601,11.7685,12.2121,20.2105,20.1355,21.252,20.6354,3.1717,3.1634,3.0904,3.1718,189.1982,194.5839,191.7834,196.4611
L03-0283,L03,W03,57,47,12.3787,12.4624,17.7892,25.4312,18.1914,18.2034,18.9938,19.6414,3.1584,3.051,3.1372,3.1085,205.8025,215.222,216.9706,240.2247
L03-0284,L03,W03,3,30,8.3755,8.3007,8.5151,8.3153,15.3799,15.577,14.9802,14.7453,3.3198,3.3962,3.3014,3.2253,204.3259,203.471,200.6736,202.3871
L03-0285,L03,W05,50,49,9.1773,9.4563,9.7752,9.8697,13.6573,13.4932,13.6161,13.7253,3.2599,3.154,3.2737,3.3267,208.5889,215.6188,215.0347,209.9439
L03-0286,L03,W02,41,15,10.8496,10.9036,11.1517,11.0411,17.7341,18.0115,17.6065,17.7269,3.1578,3.2417,3.2817,3.1663,207.2841,206.8892,211.414,208.1036
L03-0287,L03,W05,44,50,8.9119,9.0031,8.8018,8.816,17.5756,17.2704,17.4034,17.365,3.2145,3.2971,3.2466,3.1517,219.3518,221.9958,217.8984,218.7605
L03-0288,L03,W01,3,34,11.0236,11.2873,11.3331,11.4481,14.1691,14.3282,14.4708,14.245,3.3273,3.1866,3.2108,3.2108,210.4588,213.0871,212.7252,214.4198
L03-0289,L03,W03,2,21,8.2942,8.7515,8.9021,8.9526,25.7884,26.8322,26.6957,28.227,3.1688,3.2742,3.2135,3.2318,208.5234,207.3216,205.9625,207.2367
L03-0290,L03,W01,5,5,9.5324,9.5181,9.4248,9.4725,15.3199,15.5639,15.4643,15.5063,3.2431,3.2497,3.2976,3.3056,203.7244,204.1915,200.6811,203.0764
L03-0291,L03,W03,47,50,10.0827,10.2204,10.0914,10.2845,25.6292,24.8796,24.7359,25.2806,3.285,3.2186,3.3424,3.3493,207.2043,215.5496,211.4316,207.4527
L03-0292,L03,W05,12,29,11.5532,11.9009,12.6344,12.7473,18.5063,19.0592,18.9309,19.2488,3.0865,3.1085,3.0873,3.0816,220.3167,221.8828,221.0302,217.6778
L03-0293,L03,W01,29,55,10.4371,10.6797,10.8406,10.9126,16.3204,16.9419,18.0416,19.3391,3.2123,3.2011,3.3258,3.3152,204.8454,201.1223,201.2281,193.8125
L03-0294,L03,W02,22,16,8.4982,8.4949,8.4231,8.5569,21.6994,21.4331,21.9362,21.5531,3.1691,3.2807,3.1799,3.2601,211.6212,214.8389,216.3951,218.638
L03-0295,L03,W03,17,0,11.3129,11.1785,11.2498,11.1612,18.7658,20.0906,26.8604,34.5039,3.1227,3.2161,3.0239,3.1964,208.3967,209.4158,209.5927,209.9121
L03-0296,L03,W03,43,46,11.1343,11.3804,11.557,11.6748,20.2463,20.924,20.5733,20.9265,3.3087,3.2574,3.3518,3.1508,204.1081,197.961,207.3086,203.729
L03-0297,L03,W05,23,23,9.5518,9.5113,9.2835,9.4881,26.6529,26.3923,26.439,26.7961,3.2634,3.1608,3.2529,3.2372,211.9557,213.084,206.5727,211.1854
L03-0298,L03,W05,1,9,8.6229,8.5239,8.5403,8.8947,21.6025,22.0612,21.7741,21.6504,3.062,3.2256,3.2755,3.1367,218.0563,220.8922,223.5283,224.2018
L03-0299,L03,W03,40,36,14.0967,14.2143,15.0262,15.2464,18.6903,18.4824,19.0718,19.8133,3.0918,3.1952,3.2036,3.2366,215.0707,217.121,213.3112,217.5938
L03-0300,L03,W02,35,24,9.6035,9.7001,10.0613,9.9489,19.8013,21.2245,21.2062,21.7196,3.1769,3.2007,3.0744,3.0839,205.0055,207.6854,204.5351,200.1853
L03-0301,L03,W04,40,54,14.3946,14.7214,14.6727,14.8154,17.2118,17.5346,17.6923,17.4329,3.2584,3.2816,3.1496,3.2372,208.3898,212.5166,208.8135,210.327
L03-0302,L03,W05,11,29,10.4204,10.2936,11.479,11.7607,19.4514,20.5534,22.1084,24.3439,3.2041,3.1691,3.1597,3.1536,200.8778,199.2012,194.0434,200.6375
L03-0303,L03,W03,23,0,11.7602,11.6339,12.4482,13.0652,25.386,26.2771,26.4479,26.1076,3.2145,3.0699,3.173,3.1308,207.6467,207.9834,217.0523,212.4983
L03-0304,L03,W03,9,26,8.8427,8.9239,9.175,9.431,19.0943,19.0834,19.1616,19.4106,3.112,3.0803,3.0285,3.1235,208.3469,211.5884,203.4637,211.8664
L03-0305,L03,W04,0,17,11.6636,11.5736,11.6319,11.6479,20.6273,21.0234,20.6358,21.0112,3.1137,3.1163,3.1268,3.1373,184.7884,186.0479,190.7348,182.8967
L03-0306,L03,W02,4,14,13.1775,14.8726,15.7273,16.2607,25.1469,24.977,25.176,25.6933,3.2126,3.1287,3.1941,3.1404,207.6636,207.1172,207.6517,204.0777
L03-0307,L03,W01,53,50,9.1327,9.4563,9.2377,9.2944,26.499,25.2571,26.1144,26.6154,3.213,3.3894,3.3585,3.3258,196.1249,201.6944,202.2901,205.2019
L03-0308,L03,W02,31,21,8.078,8.3062,8.4601,8.6999,16.892,18.0032,18.6497,18.852,3.1108,3.2049,3.1574,3.1596,190.9904,188.0839,192.1193,189.4953
L03-0309,L03,W05,4,36,9.6123,9.803,10.0671,9.8799,17.4581,17.5227,17.786,17.7982,3.2949,3.2569,3.0831,3.2264,200.0554,201.7098,199.3401,198.244
L03-0310,L03,W05,1,5,7.7468,7.535,7.7995,7.7062,22.064,22.6986,22.3708,22.7125,3.2477,3.2099,3.3432,3.2465,205.9779,203.3585,201.3718,202.2129
L03-0311,L03,W01,48,5,8.382,8.4264,8.6705,8.7086,20.7322,21.0061,20.7365,20.8067,3.2127,3.2143,3.2922,3.2686,209.0776,204.4323,,207.997
L03-0312,L03,W05,3,35,9.9732,9.9402,10.0401,10.3073,18.3031,18.4646,21.2392,25.0964,3.1642,3.2629,3.1719,3.1845,212.0299,210.2541,217.2544,220.9921
L03-0313,L03,W03,58,23,9.742,10.0872,10.1369,10.1008,19.1887,19.1312,20.1903,20.2987,3.1775,3.18,3.1718,3.2262,202.9883,197.1161,203.1416,202.0962
L03-0314,L03,W02,20,31,8.2199,8.2077,8.1588,8.1477,20.4831,20.3457,20.6598,20.962,3.2362,3.2878,3.2885,3.2146,214.5698,212.1105,215.2024,223.1457
L03-0315,L03,W02,17,37,11.3208,11.3646,11.3406,11.5368,19.1152,20.7201,20.408,20.7338,3.4684,3.3086,3.4405,3.3995,196.9389,193.1504,198.3534,196.2385
L03-0316,L03,W04,31,13,11.8423,12.4673,14.1016,14.9888,18.9079,18.9372,19.6024,20.0484,3.1545,3.1465,3.113,3.0996,214.4943,213.3147,215.2465,228.3233
L03-0317,L03,W05,43,21,9.821,10.0396,9.8817,10.3209,27.8145,27.9091,28.4837,28.7582,3.1452,3.1647,3.1625,3.0965,219.8122,219.4754,226.2265,226.2732
L03-0318,L03,W02,38,21,10.8708,12.8954,25.051,46.5167,13.5676,14.7156,27.726,51.5915,3.2248,3.1625,3.5854,4.1769,185.0202,193.4773,208.8035,254.5275
L03-0319,L03,W03,13,52,12.0945,11.8758,12.0182,12.2034,21.6832,22.3242,23.2369,22.8934,3.2737,3.2421,3.2008,3.1788,220.4799,219.6904,222.3101,214.1414
L03-0320,L03,W02,54,18,11.0472,11.0333,11.2723,10.8265,17.5255,17.4133,17.4091,18.1722,3.1012,3.194,3.2584,3.1352,220.423,219.604,219.2176,219.8471
L03-0321,L03,W03,6,36,10.0035,10.6011,11.229,11.7621,20.0835,20.7257,21.6355,22.1701,3.0353,3.1018,3.0241,3.075,228.4693,228.8373,229.6025,233.9484
L03-0322,L03,W04,43,34,9.0968,9.4274,9.3557,9.3845,17.3115,17.6891,16.9837,16.9894,3.3606,3.3524,3.3915,3.4015,220.7388,216.984,216.6379,215.8871
L03-0323,L03,W01,13,52,9.0173,8.9106,8.8758,9.1823,14.9558,15.6924,16.2406,15.9012,3.2717,3.2741,3.3388,3.3155,210.2908,203.6112,209.6179,216.0758
L03-0324,L03,W04,54,34,10.3537,10.4392,10.7304,11.278,24.3718,24.4603,25.2268,24.8614,3.3821,3.3029,3.3679,3.3871,213.2758,212.4706,217.2467,208.4644
L03-0325,L03,W04,2,8,10.4275,10.5292,10.711,10.8683,19.6187,20.3516,20.4568,20.5103,3.3267,3.1983,3.3311,3.2472,195.0366,196.819,199.0672,201.1935
L03-0326,L03,W04,9,15,11.3887,11.0565,11.4703,11.6783,18.5553,18.3809,18.4892,18.6026,3.1896,3.2264,3.2787,3.2057,208.7486,207.0261,209.1114,211.7949
L03-0327,L03,W02,3,46,12.0664,12.3696,12.2612,13.1647,27.813,27.4304,27.4764,28.4063,3.1624,3.1392,3.2735,3.1863,191.7373,192.615,197.1737,197.3909
L03-0328,L03,W03,11,42,11.7202,11.8875,12.3118,12.0465,18.0734,18.9821,19.0528,19.225,3.1836,3.0324,3.1005,3.0789,205.4491,202.1653,206.2307,203.1847
L03-0329,L03,W05,24,25,10.2746,11.2881,11.7761,12.4049,19.6548,19.6089,19.5056,20.54,3.2676,3.3405,3.3313,3.3028,207.8803,213.2539,212.7203,212.6711
L03-0330,L03,W02,36,5,9.7963,10.2395,11.0989,11.3286,17.8455,17.4505,18.1831,17.6041,3.2243,3.178,3.1725,3.3243,205.9271,210.7981,207.4745,210.4318
L03-0331,L03,W04,41,52,13.6703,14.7288,15.4496,16.5153,28.1436,27.73,28.349,29.0445,3.1607,3.1803,3.2215,3.1417,193.8518,188.2025,186.7686,190.0533
L03-0332,L03,W03,59,5,9.416,9.5338,9.8305,9.757,18.0646,18.4975,19.1272,19.7157,3.0858,3.1369,3.1724,3.0686,209.4289,210.7224,212.1753,212.7885
L03-0333,L03,W05,3,20,11.5871,11.6417,12.0101,12.6566,16.4928,16.8104,16.9922,17.1394,3.2295,3.2625,3.3569,3.4602,215.4589,215.9376,225.626,215.52
L03-0334,L03,W02,7,40,10.9884,11.0584,11.1334,11.2803,17.8081,17.4087,17.5028,17.8114,3.2223,3.3114,3.3049,3.3673,214.151,205.7428,201.4089,208.979
L03-0335,L03,W05,40,20,8.3238,8.4436,8.253,8.4231,20.7441,21.4603,21.3383,21.0979,3.1536,3.077,3.1246,3.2225,192.8767,188.2711,192.3077,191.4318
L03-0336,L03,W01,26,29,10.9674,11.0763,10.9661,10.8555,20.0616,21.127,21.8758,21.8453,3.2578,3.2823,3.2572,3.2594,225.358,225.2912,226.8325,235.2315
L03-0337,L03,W02,2,46,10.5667,10.4783,10.6456,10.6449,21.6944,22.2223,23.1209,23.2126,3.1115,3.1624,3.111,3.2751,207.3164,204.0107,213.4962,206.519
L03-0338,L03,W03,1,48,9.226,9.2514,9.2884,9.5655,22.0671,22.0359,22.2263,22.0104,3.1519,3.1315,3.145,3.1711,220.4204,224.2439,214.5335,224.5829
L03-0339,L03,W04,18,53,9.84,9.9704,9.824,9.744,19.2959,19.1026,19.4935,18.507,3.0999,3.1025,3.124,3.0471,209.1815,210.0685,209.7509,212.6923
L03-0340,L03,W01,53,18,10.1862,10.6476,10.832,10.7092,19.39,18.7648,19.4398,19.5628,3.2351,3.233,3.267,3.265,208.3636,201.2009,206.1085,204.6667
L03-0341,L03,W05,3,40,11.8085,12.2096,11.8865,12.074,18.2619,18.1306,18.5117,18.0123,3.1624,3.213,3.2654,3.1813,222.0077,219.0843,216.3432,223.0841
L03-0342,L03,W01,35,44,9.3593,9.4275,9.3045,9.3057,21.8579,22.1738,23.5295,23.1669,3.1234,3.1759,3.1552,3.1499,203.1322,200.0385,197.0862,196.7544
L03-0343,L03,W02,35,1,6.134,6.3224,6.3338,6.4244,14.3095,14.3752,14.8256,14.4311,3.249,3.2297,3.2865,3.1832,217.4313,230.2813,216.3749,219.0391
L03-0344,L03,W05,25,2,8.1053,8.3919,8.444,8.175,18.6361,19.053,19.0374,18.4668,3.2115,3.1683,3.2456,3.1597,197.22,194.2898,188.8363,198.6688
L03-0345,L03,W01,26,20,7.2584,7.1124,7.2691,7.3872,19.3766,19.8498,19.7217,20.8745,3.2404,3.2764,3.2123,3.1951,190.3227,201.7318,190.46,196.0466
L03-0346,L03,W04,2,38,11.2484,11.5752,11.5152,11.3792,17.9597,17.6792,18.1357,18.4506,3.1464,3.2174,3.1807,3.1626,208.1751,205.6287,206.0979,202.5632
L03-0347,L03,W03,19,2,7.6217,7.7245,7.6327,7.775,20.6228,23.6022,25.0098,26.8426,3.1585,3.1469,3.1521,3.192,227.2304,229.6299,234.086,229.5256
L03-0348,L03,W01,35,58,9.6138,9.8619,9.529,9.6545,25.9787,26.2557,26.0261,26.4087,3.1359,3.3017,3.2144,3.1459,186.0245,186.7899,188.0967,184.5384
L03-0349,L03,W03,14,39,11.9996,11.9698,12.6872,12.7145,15.7455,16.2226,16.3999,16.8109,3.2401,3.1325,3.2004,3.0982,206.2499,203.6963,205.1937,209.9849
L03-0350,L03,W02,12,45,8.7482,8.7664,9.0126,9.2461,32.0443,31.6294,33.2324,33.3259,3.07,3.1274,3.003,3.1202,207.2459,207.6791,225.2226,235.2905
L04-0001,L04,W01,1,23,10.2762,10.2629,10.666,10.1222,40.9583,41.5311,42.6897,42.3336,3.8966,3.8451,3.8763,4.0174,232.3908,234.3342,234.2653,223.259
L04-0002,L04,W01,31,38,18.2823,18.9051,18.5818,19.6359,21.8303,21.4156,22.3314,23.015,3.9014,3.8945,3.9314,3.9917,244.9652,245.1092,249.0533,245.725
L04-0003,L04,W05,9,38,8.3576,8.4921,9.1548,9.436,19.1537,21.0938,29.8758,39.123,3.7693,3.86,3.9169,3.9618,253.2312,258.573,258.1333,271.6546
L04-0004,L04,W02,33,32,13.4309,13.9497,14.4411,14.0645,19.6725,19.7506,19.345,19.206,3.9817,3.9516,3.9848,4.012,268.3905,265.808,269.6307,261.8669
L04-0005,L04,W02,7,56,9.6826,9.6852,9.5831,9.922,22.9873,25.9118,34.2648,41.9596,4.0442,4.1049,4.0827,4.1339,266.929,270.249,290.0098,308.5214
L04-0006,L04,W03,14,34,15.001,14.502,15.0592,15.5655,38.9848,38.6332,39.0314,39.8364,3.8045,3.7838,3.8461,3.8828,260.4736,255.2644,264.9145,264.4183
L04-0007,L04,W03,44,25,10.9533,10.9253,10.7094,11.173,36.981,37.7558,38.7355,39.0163,3.8856,3.8778,4.0585,3.9314,270.6528,267.8606,273.7883,278.5079
L04-0008,L04,W01,18,27,14.6,14.9113,14.7659,15.4356,21.4981,21.7408,22.0589,21.9074,4.134,4.0457,4.1275,4.3139,272.4348,276.5658,270.0062,275.6154
L04-0009,L04,W01,24,11,11.1109,12.3683,17.9647,27.8781,34.4896,42.8317,79.8596,123.5426,3.5441,3.6388,4.0626,4.6771,268.1196,268.0305,298.042,340.8646
L04-0010,L04,W03,30,11,9.5842,9.4671,9.6751,9.6994,61.2083,61.6224,,63.0725,4.0445,3.8985,3.9992,3.9753,284.7877,288.8417,288.3842,286.6024
L04-0011,L04,W05,17,43,16.3925,16.7801,16.7776,16.6935,46.9496,47.5843,63.8966,84.2586,3.6611,3.7248,3.8973,4.1602,270.9426,283.8546,275.8122,278.3282
L04-0012,L04,W01,10,29,15.3237,15.5288,15.2039,14.9203,13.5866,13.8137,14.1133,13.7635,3.7521,3.8285,3.8244,3.7169,249.8896,258.915,243.2355,248.4025
L04-0013,L04,W02,47,48,10.8646,10.9849,10.9161,10.7948,18.1323,18.2052,18.1946,18.4494,3.9018,3.8759,3.8631,3.9295,260.2434,262.8902,267.5553,265.5658
L04-0014,L04,W02,37,54,8.466,8.6118,8.8151,9.0083,19.8299,20.1956,20.3706,20.5699,3.7875,3.7565,3.8083,3.7518,287.0321,287.3974,282.4839,282.425
L04-0015,L04,W05,33,7,13.3859,13.6161,14.1502,14.1934,15.4361,15.4073,15.3936,15.1329,4.0392,4.0462,4.0231,4.1233,258.4726,257.0282,255.0138,264.5751
L04-0016,L04,W01,34,49,13.5935,13.9818,14.088,14.1857,13.1482,13.5012,12.9844,13.0731,3.7331,3.7646,3.8059,3.7359,256.0717,259.7499,257.5558,260.7788
L04-0017,L04,W01,4,44,6.653,6.6884,6.8581,6.7916,23.7884,23.9113,24.4125,24.1487,3.7863,3.836,3.8328,3.8563,287.7603,282.4267,275.8581,279.6095
L04-0018,L04,W04,38,46,7.5132,7.7149,7.8182,7.8014,15.0696,15.4143,15.4894,16.071,4.0188,4.0924,4.0,4.157,274.4759,279.1575,265.7065,279.8951
L04-0019,L04,W02,44,22,12.636,12.4945,12.6384,12.8107,34.9823,34.7011,33.6337,33.8628,3.9658,3.9361,3.9568,3.9587,252.5846,257.1781,259.4194,253.0515
L04-0020,L04,W04,54,28,11.8477,12.3109,12.0164,12.1843,29.1613,31.3681,30.9146,30.6525,3.9544,3.9336,3.9473,4.043,280.9841,281.5784,277.173,285.8189
L04-0021,L04,W05,55,30,15.4061,16.5161,19.4775,22.5366,23.3333,23.2372,23.9166,22.9071,3.9836,3.9122,4.0514,4.1898,258.0536,260.1655,266.8956,258.5618
L04-0022,L04,W02,11,48,15.6703,15.8718,16.3843,16.4122,27.3404,28.1991,27.2876,28.5301,3.84,3.7637,3.9055,3.858,221.1758,226.6954,222.8535,218.6261
L04-0023,L04,W05,56,16,20.7546,20.6087,20.6011,20.9251,20.4416,21.348,21.8351,21.6433,3.9436,4.0846,4.0905,4.1686,275.5976,269.7688,269.9917,278.1154
L04-0024,L04,W04,6,55,17.1469,17.6832,18.5143,18.6562,28.1913,27.9893,28.8547,29.1218,3.7864,3.7403,3.8703,3.8984,273.5121,271.7439,276.1699,263.9019
L04-0025,L04,W01,48,46,20.0546,20.3425,21.0298,20.8658,35.3941,35.8013,36.9507,37.4824,3.7433,3.6461,3.7498,3.7483,246.6203,256.8069,257.957,256.2372
L04-0026,L04,W04,18,31,16.3886,16.1911,16.2041,16.3828,49.7506,52.8097,51.8503,52.5784,3.7625,3.7151,3.7175,3.8164,245.5861,257.5344,254.4607,252.9887
L04-0027,L04,W02,11,0,9.6702,10.0027,10.8105,11.0671,19.9992,20.0195,20.8005,20.5024,3.5799,3.6473,3.7086,3.8198,251.1741,255.1859,251.2523,257.5431
L04-0028,L04,W05,51,28,12.5806,13.4708,13.8161,13.6058,35.0797,35.994,37.9472,37.5197,3.9288,4.0171,3.9594,3.9912,240.3413,243.4031,246.6329,237.735
L04-0029,L04,W05,21,34,9.4423,9.8817,10.062,10.3294,19.1658,19.0258,19.2045,19.3839,4.1208,4.057,4.0885,3.93,237.2352,237.479,235.0512,244.4734
L04-0030,L04,W03,28,49,9.4955,9.417,9.4393,9.5376,18.2754,19.0241,19.2688,19.1233,3.9805,4.1006,3.9871,4.0189,284.3905,290.4359,290.1467,284.3124
L04-0031,L04,W04,39,39,15.0445,14.9141,15.2531,15.5184,39.426,39.2811,39.8508,38.6225,3.8303,3.7868,3.8084,3.8036,239.4791,251.6288,243.0066,248.2089
L04-0032,L04,W05,45,38,11.2369,10.9999,11.5658,11.5474,14.1119,14.2548,14.6973,14.7243,3.7253,3.8035,3.8177,3.9025,274.2155,277.8812,275.346,275.7203
L04-0033,L04,W04,6,51,15.3671,15.9595,15.8142,16.4184,19.6053,20.439,20.3343,20.8365,3.9225,4.1642,3.937,3.8337,237.9265,240.7406,245.7187,236.919
L04-0034,L04,W05,33,46,14.8159,15.098,15.2336,15.2682,25.9456,26.0513,26.0603,27.6777,4.0362,4.0475,3.9828,4.0691,242.2914,241.7831,245.3033,247.6881
L04-0035,L04,W04,1,13,20.527,20.8235,21.277,21.0827,21.5295,21.2478,22.1228,21.8994,3.8089,3.8771,3.885,3.9379,261.2958,262.6386,263.3626,261.678
L04-0036,L04,W01,50,38,13.6289,13.7602,14.0914,14.092,17.8861,17.7102,18.5299,18.7656,3.8108,3.7273,3.8574,3.8585,267.5267,273.1932,273.905,276.8494
L04-0037,L04,W02,23,25,10.4634,10.4571,10.6758,10.5276,76.4332,74.4992,76.6223,75.6495,3.659,3.7472,3.9619,3.9421,237.8158,241.011,236.5427,242.4311
L04-0038,L04,W01,18,8,11.0333,11.1589,11.6044,11.4585,16.6509,16.1061,16.0538,16.1659,4.027,4.0505,,4.0034,291.5213,289.8891,294.266,293.8941
L04-0039,L04,W03,3,21,13.9613,14.3153,14.0349,14.2386,16.4247,16.3678,16.0901,17.0738,3.8595,3.8538,3.9457,3.8503,257.9635,259.7719,257.6263,261.4899
L04-0040,L04,W01,39,18,12.7805,13.0738,13.1449,13.4171,25.8763,26.9953,27.36,26.8456,3.968,4.0427,3.9835,3.9378,251.6777,251.9198,251.8483,254.9259
L04-0041,L04,W04,1,12,9.5717,9.4649,9.471,9.8511,17.7149,18.6944,18.824,18.7609,3.9072,3.9483,3.8915,3.9331,265.7499,270.5022,278.3861,264.7276
L04-0042,L04,W02,10,15,18.5023,18.6418,19.2335,19.8485,29.2587,30.2022,31.2238,31.8191,3.78,3.78,3.805,3.9481,272.7667,278.7313,280.3928,281.5318
L04-0043,L04,W04,53,5,9.6173,11.8823,27.1903,52.6407,19.6707,21.5995,39.5876,72.2902,4.1388,4.1863,5.0008,6.2084,242.6828,250.5835,290.4513,379.0584
L04-0044,L04,W05,18,53,13.1551,14.6158,15.7396,16.1557,50.3306,52.5632,54.7972,55.7187,3.7962,3.7371,3.7908,3.7205,237.1239,244.7087,250.9548,251.9477
L04-0045,L04,W02,58,41,11.3455,11.2685,11.6548,11.7832,19.8154,20.5067,19.8101,20.8695,3.8684,3.8484,4.0671,4.0418,257.3744,260.5177,262.9343,273.8873
L04-0046,L04,W02,15,0,17.946,19.0214,18.8324,19.6325,17.865,18.0592,18.751,17.946,4.1015,4.2317,4.0397,4.0469,274.8054,280.8973,284.0237,279.0734
L04-0047,L04,W05,24,51,13.25,13.2975,13.2793,13.3498,25.1318,25.4075,24.5345,25.3904,3.9754,3.9148,4.1165,3.9594,267.2788,256.5385,256.5557,259.9162
L04-0048,L04,W04,30,50,12.0723,11.9706,12.5951,12.7327,27.5417,28.3733,31.3541,30.6952,4.0231,3.9583,3.9604,4.1158,290.3576,293.1747,288.089,299.5086
L04-0049,L04,W01,10,59,7.7226,7.7454,7.6513,7.8195,40.1129,40.2586,39.3359,40.9419,3.9129,4.0121,3.9134,4.0432,249.8559,256.0898,259.6063,256.4908
L04-0050,L04,W02,37,53,12.7778,12.5709,13.1885,13.3802,22.9538,23.6729,24.0336,25.3248,3.756,3.9285,3.8879,3.992,258.9975,259.9118,258.4274,255.1245
L04-0051,L04,W01,3,54,16.0681,16.2953,16.0818,16.3186,40.4901,39.0319,40.0335,40.2841,3.8143,3.79,3.9452,3.8827,270.9227,274.9488,272.5947,273.8865
L04-0052,L04,W04,7,25,12.5089,12.3313,12.4846,12.4878,12.2445,12.3788,12.4009,12.4518,3.9025,3.9076,3.8657,3.7937,242.0624,247.0108,241.9014,242.9112
L04-0053,L04,W02,52,42,10.8917,10.8329,11.2916,11.9217,53.1098,52.7573,53.2912,53.9949,3.646,3.5157,3.6407,3.5932,272.0023,271.6601,265.7882,267.3072
L04-0054,L04,W02,56,31,14.6556,15.394,15.4518,15.5526,28.9678,30.9643,33.1891,35.7999,3.9581,3.991,4.0738,4.0907,247.1406,250.0695,242.9093,248.1993
L04-0055,L04,W03,52,3,11.9464,15.0169,28.9386,43.6827,22.8983,30.773,59.897,92.8509,3.9051,4.1414,4.8297,5.6425,274.3604,291.9661,349.5464,401.7713
L04-0056,L04,W01,14,3,11.1159,12.0406,12.7867,13.8628,24.7588,25.8495,27.2548,28.7609,3.7867,3.7983,3.8583,3.7191,253.2586,249.2298,241.6224,243.0139
L04-0057,L04,W05,13,15,8.8753,9.096,9.2019,9.4344,20.5503,21.3578,21.3116,21.0958,3.8151,3.9081,3.9094,3.9133,243.2309,245.1133,249.4256,253.0764
L04-0058,L04,W02,28,0,11.5468,11.5132,11.7883,11.6083,17.6072,18.0646,18.5162,18.7624,3.9164,3.9031,3.8501,3.9034,247.3031,256.3944,249.9164,253.7172
L04-0059,L04,W03,6,17,5.684,5.8638,6.3496,6.871,27.4565,27.7381,30.7277,32.4404,3.9857,3.9597,3.8908,3.9133,259.4113,258.8641,268.8634,258.3312
L04-0060,L04,W03,49,16,11.5829,11.9155,11.8621,11.3975,25.0571,25.5394,25.4705,26.3574,3.9355,3.9324,3.8643,3.9603,263.2543,262.8033,263.0124,267.7959
L04-0061,L04,W03,32,24,17.2544,17.4672,17.4277,17.4552,17.3911,17.9852,17.8631,18.4293,4.1184,4.073,3.9637,4.0225,249.3597,246.5605,248.2541,249.64
L04-0062,L04,W03,32,20,17.9348,18.0375,18.6369,18.5398,35.2217,36.2551,37.7976,38.997,4.0351,4.1026,4.133,4.1884,244.1595,243.7541,249.0173,240.3626
L04-0063,L04,W04,8,10,10.8042,11.0374,11.3108,11.2439,23.5264,25.7957,26.1865,26.6188,4.0235,4.0322,3.9391,3.9429,229.1341,232.5048,234.5066,242.5289
L04-0064,L04,W02,40,32,6.0477,6.3097,6.6288,6.6734,33.3752,33.4289,34.0978,34.1785,3.9147,3.8999,3.8415,3.8357,251.0793,252.8015,251.2073,255.9044
L04-0065,L04,W03,25,44,8.7959,10.0293,27.1518,56.204,70.5752,77.4773,132.3793,214.5542,3.9596,4.0418,4.4346,4.9275,280.481,275.3404,365.857,472.4548
L04-0066,L04,W05,47,21,15.5718,15.8416,16.123,15.7375,15.1295,15.5629,14.8215,15.5694,4.047,4.0785,4.0244,4.0922,299.184,297.6025,298.2526,297.7511
L04-0067,L04,W05,57,39,13.5432,13.7041,13.5973,13.8317,19.9074,20.267,20.8555,20.2358,3.7749,3.8326,3.9416,4.007,257.8461,250.3057,257.5656,260.3251
L04-0068,L04,W01,9,55,11.3114,11.3493,11.7914,12.1854,32.101,33.5055,34.3835,34.4402,3.9759,3.9212,4.1069,4.0321,254.4116,246.9303,260.0671,242.2083
L04-0069,L04,W03,45,41,7.9456,8.1507,8.1292,8.3393,18.3745,19.1335,18.7223,19.1027,4.046,4.0851,4.0857,4.1471,229.3738,233.6685,233.7651,231.697
L04-0070,L04,W04,31,9,9.9253,9.9383,10.1423,10.1779,13.2985,13.2435,13.3369,13.2219,4.0154,4.0214,4.1297,4.0175,261.8026,260.0587,264.1466,260.3921
L04-0071,L04,W02,38,23,18.3979,20.7016,36.2797,66.5686,33.347,36.3696,66.8517,113.9998,4.0003,4.0356,4.2763,4.6695,240.0679,238.0231,256.7119,282.9667
L04-0072,L04,W02,44,49,9.7063,9.4851,9.7209,9.7864,38.3352,38.7383,39.3013,41.7159,3.8193,3.6542,3.5921,3.796,254.4771,250.0237,255.6019,260.3944
L04-0073,L04,W04,15,18,13.416,14.7125,17.7763,20.8859,24.2836,24.5784,24.1901,24.0707,3.7911,3.7328,3.8277,3.9112,247.6029,261.5084,245.5753,253.4903
L04-0074,L04,W03,41,28,12.5307,13.2418,13.1353,13.1319,24.8063,24.9039,24.9757,25.0237,3.9515,4.0031,3.9989,3.9323,247.4261,250.274,260.5859,275.1746
L04-0075,L04,W03,47,30,6.76,7.4177,8.0128,8.4943,33.2028,33.542,33.1303,33.5478,4.0544,4.1356,4.1415,4.0297,236.7262,236.6777,239.3203,233.8385
L04-0076,L04,W05,39,37,9.3708,9.4394,9.2107,9.3869,18.1176,18.4651,18.8509,19.5576,3.7939,3.8868,3.7707,3.9662,278.9428,282.2308,282.2315,288.8444
L04-0077,L04,W04,4,55,11.6289,12.3315,11.7974,12.3144,19.3665,20.051,19.3872,20.2526,3.7468,3.7706,3.7846,3.778,239.1629,241.7789,238.4677,245.529
L04-0078,L04,W01,38,13,8.7623,8.4767,9.0926,8.6936,37.4524,37.122,37.1065,37.809,3.9472,3.8408,3.9017,3.841,261.1463,259.2472,265.3003,262.7384
L04-0079,L04,W04,38,45,15.6078,15.8505,19.0447,24.359,16.4716,16.808,17.3913,17.0959,3.6579,3.671,3.7552,3.7213,265.751,261.3727,278.0028,296.6817
L04-0080,L04,W03,54,4,11.9635,13.879,18.6963,22.9788,15.298,16.8168,22.5786,29.3327,3.878,3.8881,3.9101,3.8942,233.9744,230.7581,234.7374,234.7598
L04-0081,L04,W03,45,18,14.1945,14.2108,13.99,14.2895,33.1698,34.2106,33.7294,34.3295,3.8292,3.9254,4.0212,4.0578,254.0264,253.8613,252.3573,251.166
L04-0082,L04,W01,48,42,12.5346,12.7434,12.8882,13.0503,27.3381,27.8554,27.768,27.6885,3.7167,3.8254,,3.793,264.8087,267.4477,263.0114,267.1698
L04-0083,L04,W02,37,45,13.4445,14.4008,13.9923,14.2335,14.1182,14.067,13.8141,13.7667,4.1703,4.231,4.2385,4.0792,245.9407,248.0071,242.067,235.2298
L04-0084,L04,W02,28,6,15.1625,15.2853,16.995,19.3527,52.6719,52.514,56.5855,64.0458,3.8973,3.9289,3.7873,3.838,258.7352,265.9342,260.2061,264.3414
L04-0085,L04,W03,34,22,18.4254,19.28,19.2001,19.5343,9.0927,9.1809,9.1821,9.0612,3.9046,4.1857,4.2072,4.4695,257.2647,254.0708,267.8789,262.3443
L04-0086,L04,W04,55,12,8.5105,8.7375,8.7029,8.9367,16.7363,17.7413,17.9999,18.1288,4.0734,4.0169,3.8764,3.9927,250.9107,257.2001,252.7904,254.2685
L04-0087,L04,W03,9,21,19.4699,18.6937,18.7412,19.1523,27.065,28.3531,28.9232,28.468,3.9008,3.873,3.9209,3.8663,279.0869,287.9279,290.1914,290.6719
L04-0088,L04,W02,54,1,17.8425,17.9843,18.7314,19.6329,23.5552,23.5633,24.4371,24.7657,4.2311,4.22,4.1667,4.3126,265.8979,270.0448,272.1937,274.589
L04-0089,L04,W02,0,37,10.2655,10.271,10.6448,10.6839,19.7533,20.0291,19.9858,19.8962,3.881,3.9008,3.9181,3.945,280.3173,278.8488,287.6843,282.0737
L04-0090,L04,W03,26,37,14.3172,14.1974,13.9024,14.6381,24.1962,24.7084,24.4171,24.107,3.7018,3.7877,3.7594,3.7536,279.0679,288.6296,283.7383,290.6691
L04-0091,L04,W03,7,10,12.265,21.2455,47.7473,73.602,22.0597,31.6212,77.1604,121.6108,3.9906,4.2171,5.1784,6.2131,259.8929,296.9447,363.0445,422.0558
L04-0092,L04,W05,28,52,11.8343,12.1689,12.0099,11.932,28.1852,27.58,27.9534,28.1941,3.6435,3.6925,3.7294,3.7126,225.7637,230.9365,231.1374,232.7255
L04-0093,L04,W04,46,17,15.9161,16.1203,15.984,15.8658,29.7974,30.4056,29.7067,30.436,4.0516,3.9367,4.1636,4.1377,258.4406,261.9237,265.338,255.7472
L04-0094,L04,W04,35,5,13.8878,13.6938,13.8692,14.0356,15.3168,15.1474,15.2797,15.7125,3.9226,3.9628,4.0525,3.9199,231.8297,239.4068,240.7438,244.0719
L04-0095,L04,W01,37,59,11.3699,11.3513,11.4912,11.977,40.6341,43.1242,45.6703,46.7198,3.9485,4.0284,3.9737,3.8981,254.8518,249.7467,253.5934,248.8841
L04-0096,L04,W02,52,54,12.1983,13.4545,15.7636,18.8969,27.897,28.5108,28.9843,28.1004,3.7547,3.9832,3.8709,4.0065,258.5732,261.3619,268.1601,259.5955
L04-0097,L04,W02,35,6,12.4803,12.5347,12.8942,12.86,29.382,29.4826,30.3354,32.1941,4.04,4.013,3.9823,3.9768,240.8982,250.2633,244.5595,246.1666
L04-0098,L04,W04,31,32,19.117,18.8667,19.495,19.6542,20.4174,21.354,21.29,21.9031,3.9693,3.9564,3.8702,4.0792,263.2566,277.3975,273.4639,269.2914
L04-0099,L04,W04,17,6,15.7456,15.5944,15.397,15.4645,27.6622,27.9087,29.2156,28.7391,3.8029,3.7861,3.8969,3.73,259.457,265.7986,263.9628,266.3623
L04-0100,L04,W03,37,21,10.3228,10.2397,10.5276,10.8008,19.992,20.3975,21.487,22.9185,3.9121,3.9117,3.9358,3.9317,231.8101,230.9335,234.5625,230.5532
L04-0101,L04,W02,15,47,11.3336,14.5582,36.8161,68.6387,31.066,34.3778,60.403,109.1421,3.9908,3.9563,4.1894,4.9133,223.4574,230.5062,264.9266,340.9804
L04-0102,L04,W04,40,2,11.9873,12.1584,12.3765,12.3784,18.4372,18.6799,18.7239,18.7943,3.8283,3.8304,3.8609,3.8165,266.4498,265.8157,281.8921,273.6885
L04-0103,L04,W02,0,57,12.8889,12.5236,12.6342,12.6136,20.3792,20.687,21.6868,22.1682,4.1079,3.9278,3.9821,3.9686,248.8722,248.4814,246.3343,249.2248
L04-0104,L04,W04,40,55,12.7787,12.6234,12.6205,13.3312,75.4692,75.191,76.4702,78.5669,3.8538,3.7915,3.8546,3.844,246.9618,254.4535,257.9016,252.2523
L04-0105,L04,W02,58,55,11.5787,11.898,12.2811,12.3646,29.8488,29.2115,29.2071,29.7313,3.8848,3.9553,3.9707,3.9529,253.7654,248.1356,243.1838,253.2364
L04-0106,L04,W05,55,51,14.2576,14.8077,14.5697,14.6245,28.7603,28.9647,28.2667,28.8498,3.9833,3.9486,3.898,3.8749,245.5261,248.0528,250.7414,249.1309
L04-0107,L04,W05,21,24,14.4551,15.0768,14.6115,14.9544,27.0858,27.5263,27.3811,27.2669,3.987,3.976,4.0567,4.0307,272.349,268.303,274.3804,269.6453
L04-0108,L04,W02,34,56,14.6468,15.2512,14.9379,15.274,28.9849,29.403,29.7861,28.6725,3.7176,3.7777,3.8013,3.7961,243.8095,236.7885,238.6126,241.8336
L04-0109,L04,W03,20,16,14.5444,14.1179,14.6832,14.5833,23.0444,24.1619,24.662,24.224,4.018,3.9497,4.0328,4.0206,239.9047,233.9169,237.0835,241.7775
L04-0110,L04,W05,6,10,9.792,10.5393,10.3935,10.7864,27.0899,27.0253,27.4218,27.2259,4.0068,3.9078,3.9431,4.0063,245.7733,246.1008,248.1499,238.7021
L04-0111,L04,W02,0,28,16.2921,17.2881,17.736,19.0817,36.6604,37.8642,37.3148,37.8678,3.7778,3.8553,3.824,3.7857,224.7867,229.0917,231.339,239.5087
L04-0112,L04,W04,42,21,23.4646,24.0607,23.9599,24.0373,21.1018,21.281,21.0943,21.6878,3.7973,3.82,3.8272,3.9947,253.3603,252.9293,249.6213,247.8083
L04-0113,L04,W05,57,30,9.953,10.2822,10.8195,11.0405,13.6429,14.343,17.6475,21.179,3.9564,3.9542,4.0673,4.0145,249.5839,265.9702,261.012,260.6917
L04-0114,L04,W03,30,16,13.4397,13.5335,13.3351,13.6474,17.618,17.5012,17.9855,17.1807,3.9955,3.983,4.0903,4.1346,265.7745,267.9953,263.5501,271.5336
L04-0115,L04,W01,41,25,9.2295,9.3167,9.7746,9.9572,41.5743,41.4442,43.1201,44.5491,4.002,3.9462,3.8992,4.0475,263.2485,261.2221,265.3805,273.2182
L04-0116,L04,W02,4,14,15.1286,15.4989,15.551,15.7611,12.1921,12.3699,12.5011,12.5472,4.1241,3.967,4.06,3.9945,249.6292,253.5143,241.1224,244.5629
L04-0117,L04,W05,34,10,19.0485,19.2828,19.4112,19.1449,27.5795,27.3985,27.5542,28.1407,3.8944,3.9658,3.9,3.9215,255.2461,258.0504,256.9893,255.123
L04-0118,L04,W05,33,16,11.8486,12.8916,15.5451,18.9188,29.5097,29.3291,30.0273,31.4199,4.0524,4.1234,4.0105,4.0426,224.6226,226.0309,231.2416,239.7917
L04-0119,L04,W03,57,48,12.3569,12.5473,12.5851,12.3256,22.7567,23.127,23.7074,24.0866,3.9435,3.9141,3.9509,3.9292,272.6299,272.8983,269.5607,270.1002
L04-0120,L04,W03,38,0,9.6163,9.8624,9.7676,9.8582,25.7602,26.4253,27.045,26.4705,4.0206,4.051,3.9984,3.9642,248.8736,256.6038,256.7069,256.8426
L04-0121,L04,W05,40,29,8.9877,9.0341,8.8822,8.9013,33.3301,33.1849,33.2985,34.365,3.9652,3.9314,3.9338,4.0102,241.0273,246.2215,238.8822,233.903
L04-0122,L04,W02,20,36,7.8533,7.8219,8.1781,7.9823,17.3413,17.909,18.1824,18.0826,3.9915,4.126,3.9925,3.9961,235.086,244.9719,240.4704,240.9298
L04-0123,L04,W02,25,14,12.8985,13.4096,13.2523,14.7761,32.8737,33.0804,34.3749,34.1464,3.8829,3.9314,3.9278,3.9646,235.5188,228.9783,234.6993,227.0147
L04-0124,L04,W02,47,22,10.5417,10.5123,10.526,11.2492,23.8562,23.2938,24.1875,23.8848,3.9377,3.9694,4.0924,4.0496,255.4216,255.1883,260.0332,262.0056
L04-0125,L04,W04,5,1,6.2579,6.0929,6.2227,6.1159,20.0076,20.9222,21.4061,22.1383,3.8364,3.8573,3.9938,3.9729,279.4171,275.2961,287.5231,300.3441
L04-0126,L04,W05,26,4,12.4849,12.8191,12.7423,13.0107,21.7812,22.0999,22.4666,22.3409,3.9112,3.886,3.9222,3.921,247.4022,249.6591,240.3742,252.1641
L04-0127,L04,W04,43,19,10.2126,10.2577,11.4208,12.3032,23.5315,23.7208,23.9998,23.1397,3.8132,3.8069,3.8037,3.929,252.0759,259.5513,259.6452,254.6606
L04-0128,L04,W01,36,45,8.163,8.7249,12.7267,18.6168,45.0132,44.2804,44.8928,45.9995,3.6736,3.7371,3.7646,3.7203,251.2323,257.3004,265.2548,276.293
L04-0129,L04,W01,15,38,14.6802,14.8827,14.7395,15.0796,37.8898,41.3663,,47.172,4.1689,4.0711,4.118,4.2317,253.4111,255.4201,254.7546,258.1278
L04-0130,L04,W03,52,27,8.918,9.4828,10.3241,10.7828,27.2177,27.4211,28.0787,28.6753,3.752,3.8074,3.7854,3.8433,246.3158,249.6241,255.7452,265.7471
L04-0131,L04,W03,24,31,13.1788,13.1436,13.2525,13.3989,17.6041,18.1672,19.3583,19.2184,3.9104,3.9435,4.0209,3.8707,249.7398,255.5353,251.4789,254.8301
L04-0132,L04,W02,21,20,10.7521,10.9639,11.4136,11.2676,20.676,20.116,20.2791,20.0824,3.85,3.9377,3.8442,3.8303,251.6759,257.3708,255.9132,252.6461
L04-0133,L04,W02,0,25,23.0704,23.4667,23.8189,24.1727,14.3812,14.8072,14.5844,14.7287,3.8803,4.0074,3.9827,3.9772,204.1517,200.888,203.8217,204.2199
L04-0134,L04,W03,2,2,11.4327,11.5514,11.6482,11.8349,20.2256,20.7057,20.2988,20.8144,4.1351,4.1121,4.2033,4.2252,271.4744,269.7724,263.0379,276.7357
L04-0135,L04,W05,34,21,14.4845,15.2612,15.3829,15.4409,39.0409,41.1353,,43.0416,3.9077,3.9063,3.9747,3.9407,256.0253,250.585,247.0785,252.0192
L04-0136,L04,W02,27,1,11.4521,11.3612,11.294,11.9172,13.8192,13.9366,14.5631,14.2683,3.664,3.678,3.789,3.74,264.8422,259.2802,265.8364,264.6129
L04-0137,L04,W02,5,5,15.9725,15.935,16.0722,16.0768,15.5989,15.3334,15.3718,15.866,3.975,3.9797,4.0403,3.9558,267.2608,270.1807,267.5912,259.1549
L04-0138,L04,W05,50,16,11.4935,11.2929,11.7095,11.5966,37.6969,38.3981,37.9671,37.8503,4.1617,4.3061,4.1274,4.235,253.0019,254.0478,247.4754,255.8405
L04-0139,L04,W05,32,45,23.0313,24.2212,26.7504,26.9894,23.8862,24.3638,25.468,25.9321,3.7204,3.637,3.7652,3.7778,284.1042,287.6261,294.4069,286.3045
L04-0140,L04,W02,22,23,8.6524,8.8308,8.879,9.1838,45.7355,45.6926,46.7536,48.401,4.0892,4.0686,4.1318,4.1493,247.897,252.6226,259.2843,257.4657
L04-0141,L04,W04,25,21,10.9397,10.9595,11.3075,11.4391,12.4228,12.7128,13.1719,13.4374,3.9561,3.9467,3.9779,3.9673,273.812,270.2471,267.8559,268.159
L04-0142,L04,W01,32,17,11.3722,11.5596,12.4645,13.3728,22.5923,23.2373,23.5159,23.5845,3.8218,3.8615,3.9319,3.9246,269.1861,266.2541,269.5108,268.0952
L04-0143,L04,W01,21,6,8.6923,10.53,26.4691,54.6066,23.6722,28.6959,65.0815,121.0152,3.6137,3.5961,3.8013,3.9912,267.8448,271.4948,307.0968,356.8583
L04-0144,L04,W03,53,37,7.0084,6.9531,6.9549,7.1563,19.096,19.0962,19.7062,18.9307,4.0569,3.8417,3.9605,3.9036,217.3586,219.8725,228.95,229.0846
L04-0145,L04,W01,27,42,6.7127,6.9555,8.3727,9.4869,29.5797,32.4036,38.2526,45.06,3.6016,3.5431,3.4767,3.7063,256.4587,245.0942,253.4302,251.9384
L04-0146,L04,W04,3,6,12.8268,12.8752,13.0829,13.0397,24.571,24.8696,24.8253,24.0661,4.0002,3.8646,3.9049,4.0489,275.2198,274.5994,280.4924,276.764
L04-0147,L04,W01,31,29,17.4736,17.9771,18.6416,18.0116,37.1459,37.5378,36.7023,37.0879,3.8424,3.8823,3.864,3.8726,272.3526,262.4687,256.8922,267.7032
L04-0148,L04,W03,48,14,21.5983,21.2431,22.1662,21.7009,18.3129,18.7105,18.1407,18.5022,3.8576,3.9343,3.9837,3.9842,279.462,275.9734,274.7097,275.5124
L04-0149,L04,W02,52,50,12.2335,12.5552,12.9663,12.969,31.438,38.3173,53.7974,70.1892,3.7881,3.8059,3.851,3.847,254.1286,251.0877,256.4544,269.9871
L04-0150,L04,W03,17,53,19.3975,19.9868,19.9386,19.7969,27.5904,29.1341,29.9313,30.4036,3.8385,3.8486,3.927,3.9262,250.0598,255.2327,258.8887,257.9909
L04-0151,L04,W03,40,52,11.6813,11.3096,11.8348,12.4291,23.053,24.323,25.0159,25.216,3.817,3.7834,3.817,3.9877,268.71,274.616,270.6465,273.751
L04-0152,L04,W03,27,6,13.9585,14.1103,14.7277,14.9916,21.8827,22.7155,22.509,23.929,3.8461,4.0232,3.8211,3.8351,256.5175,259.6114,259.6038,266.197
L04-0153,L04,W03,24,14,12.7747,12.4227,12.8347,13.0889,24.3937,24.8458,25.5156,25.9564,3.878,3.777,3.9233,3.9019,258.5442,262.2436,264.998,271.6874
L04-0154,L04,W03,37,10,17.9119,18.1167,18.4512,19.1972,37.297,37.3965,37.4463,36.4848,3.8971,3.9393,3.9928,4.064,277.4634,282.5894,283.8404,284.9571
L04-0155,L04,W04,59,45,8.8853,10.0694,13.6523,17.664,29.3608,29.9269,31.4854,31.5258,4.0053,4.0114,4.05,4.0496,264.7358,265.2641,287.8614,293.9346
L04-0156,L04,W02,58,36,16.8439,17.0712,16.9307,16.903,21.3217,21.2317,,21.5162,3.9943,3.9297,3.9235,3.8636,271.2923,280.2246,285.0566,278.5663
L04-0157,L04,W05,1,50,10.7061,10.7714,11.2273,11.2925,23.0481,22.1926,22.1748,22.776,3.8078,3.8048,3.8449,3.9006,275.77,281.6231,283.3589,280.3046
L04-0158,L04,W04,45,58,11.299,11.4206,11.903,12.1748,25.7183,26.7576,28.1556,29.7564,3.9765,3.8993,3.9437,3.9867,275.5201,271.3521,274.5386,277.1761
L04-0159,L04,W02,36,8,9.2991,11.4712,23.7826,39.5615,14.0359,15.6006,29.5847,49.4831,3.9518,4.0429,4.4774,5.1657,256.8825,269.3128,297.195,334.4948
L04-0160,L04,W01,51,42,18.8224,18.5926,19.005,19.4393,34.2126,34.7063,34.9631,35.6117,3.761,3.8993,3.8219,3.9242,232.837,233.0008,231.3857,226.9114
L04-0161,L04,W05,34,57,15.6011,15.6869,16.5291,16.6289,39.3322,40.5145,42.1481,42.9828,3.8679,3.8908,3.9254,3.9041,272.8612,272.2652,,274.9509
L04-0162,L04,W03,34,56,21.2905,23.7892,52.8685,109.8599,23.2304,26.5385,59.6854,125.4339,3.7405,3.8921,4.4687,5.4713,240.4343,247.0439,275.5085,366.5107
L04-0163,L04,W05,47,36,10.2982,10.2799,10.8232,11.1264,17.1807,17.0214,18.0754,17.8593,4.0531,4.0704,3.9406,3.9975,268.8281,274.6483,269.5337,268.3634
L04-0164,L04,W02,50,10,9.2937,9.2406,9.5629,9.4054,28.7785,29.8345,31.7222,31.2908,4.0442,4.0696,4.1019,4.2079,262.2443,259.0925,262.8654,260.2379
L04-0165,L04,W04,50,50,11.9966,12.0368,12.1712,12.333,37.5432,36.6309,38.1404,36.7827,4.0638,4.0629,4.2213,4.0562,254.2513,252.6943,254.5765,247.254
L04-0166,L04,W02,14,40,14.5858,23.8043,63.0204,107.7271,30.5977,37.6554,96.5134,184.7636,3.7851,4.0031,5.0937,6.5892,245.6233,251.8703,287.631,344.28
L04-0167,L04,W05,0,32,17.4843,17.3304,17.8339,17.9259,8.8308,9.2293,9.2168,9.5063,3.8665,3.7173,3.887,3.8641,245.9196,243.9655,242.7945,244.4517
L04-0168,L04,W04,39,21,13.1516,13.4972,12.9902,13.4147,27.6948,27.8526,28.1047,28.2054,3.9063,3.7751,3.8213,3.8516,257.7,264.4908,262.8479,256.6071
L04-0169,L04,W01,31,9,12.4188,12.7593,12.911,12.8714,18.5873,19.1395,19.1034,18.8984,3.9127,3.862,3.9073,3.9275,229.8709,233.2179,233.9509,235.6802
L04-0170,L04,W05,10,44,11.9375,11.898,12.0317,12.7451,41.5484,43.2769,41.7109,42.4992,3.9319,3.8114,3.9681,3.8423,302.3051,293.4187,294.9975,294.6117
L04-0171,L04,W02,55,15,11.8989,11.9979,12.2563,12.3932,14.3486,14.5858,14.9798,15.2637,3.9143,3.9417,3.9679,3.965,237.5538,234.5288,232.1031,236.2869
L04-0172,L04,W03,37,25,10.0639,10.4707,10.4565,10.5157,25.9393,25.9209,26.1591,26.4045,3.8255,3.8053,3.754,3.7371,279.9461,280.8001,280.4248,281.8647
L04-0173,L04,W04,50,40,18.839,19.0223,18.6129,19.2005,33.1741,34.0468,34.4408,33.9359,3.6385,3.6333,3.6265,3.6761,258.1215,255.9807,253.8554,258.8793
L04-0174,L04,W01,51,48,13.4139,13.2057,13.2537,13.3454,22.0831,22.7806,23.4548,22.7836,4.1084,4.1293,4.2096,4.1152,256.1232,243.2574,253.2321,249.1901
L04-0175,L04,W04,0,21,12.6442,12.5616,13.293,15.0967,13.9958,14.1647,13.9615,14.367,4.1135,4.1867,4.2382,4.1399,255.5805,252.1523,260.8723,259.2938
L04-0176,L04,W02,11,32,10.1992,10.2459,10.4497,10.6816,31.1471,31.0264,31.8596,31.3544,3.7146,3.8177,3.7572,3.8699,233.0941,232.9117,236.5502,233.6925
L04-0177,L04,W03,25,8,12.0174,12.1093,12.8739,14.0856,22.2795,22.0685,22.6129,22.7217,3.946,3.9268,3.962,4.0637,262.8271,260.7714,266.5627,260.5747
L04-0178,L04,W02,22,57,9.3065,11.3636,23.6671,41.3812,36.569,51.647,120.9032,205.9368,3.7909,4.12,5.216,6.3406,250.0507,263.6802,346.6811,440.8758
L04-0179,L04,W03,11,25,10.7533,11.4064,12.3759,12.746,42.694,42.9765,47.1411,48.232,3.9282,3.8948,4.0177,4.1258,231.7393,230.6426,239.6166,236.6844
L04-0180,L04,W05,34,26,11.5319,12.5239,15.373,17.7484,39.4187,40.6898,39.8734,40.9269,3.9021,3.8654,3.8269,3.9717,235.8773,235.0356,234.586,239.8506
L04-0181,L04,W04,52,28,9.4654,9.6926,12.2481,19.7257,27.5613,29.9409,63.7039,139.3617,4.1396,4.0203,4.2871,4.4555,271.4156,266.9871,300.5936,358.8802
L04-0182,L04,W03,16,7,11.5217,11.8732,12.1729,12.3346,29.8352,30.1928,30.408,29.8433,3.7851,3.9309,3.95,3.9147,244.4994,253.7297,244.6522,250.593
L04-0183,L04,W02,13,59,12.666,12.6703,13.0182,13.6068,22.5483,22.9498,23.5835,24.0133,3.8857,3.8957,3.8813,3.9855,276.303,275.9398,288.7155,282.4241
L04-0184,L04,W04,19,4,12.1281,12.8442,12.9445,13.0757,24.7787,24.3807,25.0497,25.3643,3.8217,3.9834,3.8678,3.8779,226.564,229.7309,234.7152,233.4787
L04-0185,L04,W01,14,16,14.6475,14.7816,14.9893,15.568,22.2844,22.7124,22.178,22.6248,3.8914,3.8936,3.9423,3.8961,254.96,242.55,254.2554,251.1948
L04-0186,L04,W04,53,7,10.4763,10.7287,10.7872,11.1845,28.6083,29.2389,29.1668,29.7749,3.8134,3.9086,3.8591,3.9937,255.7012,240.2194,250.2806,245.3659
L04-0187,L04,W01,50,20,16.1135,16.2538,17.3254,18.2117,22.2832,22.1589,22.8351,22.5404,3.9872,3.9058,3.9092,3.9305,270.6118,281.6143,275.4223,286.3703
L04-0188,L04,W04,38,27,21.2401,20.899,20.9441,20.9373,27.7871,28.1503,28.2275,27.9686,3.8258,3.9437,3.9959,3.8886,241.6964,247.1504,245.7204,242.8585
L04-0189,L04,W02,49,15,10.3074,10.7544,21.5895,47.8339,18.9085,21.6669,46.0708,93.5052,3.9206,4.0331,4.7379,5.8644,258.7111,261.4719,297.7958,378.6825
L04-0190,L04,W01,34,41,14.6255,14.718,,14.9636,56.6352,58.1008,59.707,60.193,3.8198,3.6917,3.7816,3.7734,283.1436,283.3997,279.6614,281.1084
L04-0191,L04,W04,24,37,9.6133,9.5968,9.4758,9.6004,14.282,15.0734,15.0165,15.6984,4.0574,4.0796,4.034,4.0418,258.2958,258.418,255.0927,261.0313
L04-0192,L04,W03,18,5,12.2386,12.1384,12.4181,12.7169,19.7122,19.9946,20.7182,20.8825,3.7434,3.9051,3.7651,3.7049,261.0579,263.3915,262.8563,270.4348
L04-0193,L04,W01,39,53,20.694,21.4965,21.2886,21.2427,20.3156,20.3916,20.4709,20.9968,4.0816,4.0529,4.1309,4.1888,243.5589,247.5225,246.3184,246.3543
L04-0194,L04,W03,48,19,12.7694,12.6969,12.6605,12.8516,24.3566,25.1086,26.2811,25.7913,3.8049,3.8159,3.7131,3.7572,235.3278,250.0049,237.5127,240.9307
L04-0195,L04,W01,50,40,15.4126,15.5113,15.0006,15.6372,26.3381,26.016,27.3686,27.4048,3.7538,3.6344,3.8117,3.8112,266.5745,259.6194,263.1943,263.798
L04-0196,L04,W04,57,57,12.7147,12.1876,12.8683,12.5439,33.3482,34.6642,34.9335,34.8902,3.8825,4.0134,4.2317,4.2654,268.9417,267.3736,273.0406,274.1005
L04-0197,L04,W02,8,59,9.7313,9.9829,10.1904,10.1015,31.0257,32.1428,31.8472,32.412,4.0133,3.9008,4.0212,3.9393,266.4418,270.3656,275.572,270.3782
L04-0198,L04,W05,43,1,13.6789,13.7829,14.1439,14.1065,28.57,30.0914,29.7306,30.429,3.7617,3.8728,3.971,3.8605,254.6482,249.5573,258.6712,253.3481
L04-0199,L04,W02,4,36,8.0029,8.4072,8.6849,8.6993,33.5834,32.7425,35.3447,35.4169,3.7757,3.8589,3.8029,3.8463,235.4065,241.4233,236.6724,237.679
L04-0200,L04,W02,30,33,12.3489,12.3442,12.2423,12.1633,25.2364,26.0722,26.8195,27.5876,3.8863,4.0036,3.8585,3.8678,272.1443,271.2079,281.9355,271.6819
L04-0201,L04,W04,28,1,13.3766,14.5517,15.5306,16.6189,25.087,25.0494,25.7668,25.0014,3.7672,3.7442,3.7985,3.841,239.9505,242.4364,240.3247,235.4294
L04-0202,L04,W05,44,27,12.5027,13.607,29.9894,64.1137,10.3837,10.7414,20.8645,46.1893,3.9754,4.0331,4.6027,5.6396,273.5604,274.297,312.2705,373.1071
L04-0203,L04,W05,49,31,8.1462,8.1026,8.1945,8.325,39.5105,40.5062,39.6593,39.3804,3.7587,3.7573,3.8419,3.8643,246.5095,252.8028,249.7334,251.0524
L04-0204,L04,W04,59,1,11.9844,12.1436,12.3271,12.4334,23.8458,23.3179,24.9687,25.3621,3.846,4.0201,3.9428,4.0243,256.3357,247.7191,247.4156,263.7519
L04-0205,L04,W04,55,36,20.4648,20.5691,20.88,21.3854,18.9847,19.7169,19.0296,18.9072,3.7973,3.9693,3.7814,3.9003,258.7732,259.657,256.9802,255.7735
L04-0206,L04,W01,18,48,22.3914,22.3391,22.469,22.6494,18.4441,18.5537,18.6839,18.6091,4.0754,4.023,3.8541,3.9617,244.5202,244.337,248.7623,249.8964
L04-0207,L04,W03,48,52,10.0188,9.822,9.9728,9.8836,36.5716,35.1535,38.0272,37.3338,3.8831,3.9383,3.8697,3.8164,256.3276,242.1377,260.5442,248.8645
L04-0208,L04,W03,3,40,10.4305,10.4022,10.7542,10.4482,21.9937,23.5894,22.9563,23.5159,3.9064,3.9368,3.8849,3.975,226.9693,220.3765,224.1294,227.861
L04-0209,L04,W01,13,44,19.5536,19.9842,19.7876,20.3759,24.9951,25.3704,25.5165,24.912,3.8282,3.789,3.7526,4.0085,248.9608,244.1392,255.6857,267.1969
L04-0210,L04,W02,26,16,19.5803,20.3863,22.1436,23.1687,16.0882,16.193,16.7307,17.2551,3.9883,3.98,3.9277,4.0393,252.2045,250.7598,256.1802,261.5711
L04-0211,L04,W05,33,40,12.2467,12.4568,12.6166,12.5923,33.4808,35.2247,35.4253,37.0366,3.8336,3.9509,3.948,4.0492,249.6563,259.3567,247.1569,240.8803
L04-0212,L04,W05,2,39,12.1971,12.1003,12.5306,12.5964,29.6591,28.843,29.5442,29.2009,3.9634,3.8455,3.9668,3.7802,253.9377,258.0813,256.4917,258.1956
L04-0213,L04,W03,35,3,16.2159,16.9362,21.7605,26.0929,32.382,34.3213,40.921,48.712,3.6837,3.7713,3.7378,3.8119,277.2597,282.8696,275.865,280.9483
L04-0214,L04,W05,54,6,13.635,13.3213,13.2358,12.9697,15.6274,16.2634,19.3302,24.3061,3.8016,3.6571,3.7575,3.8674,291.4437,282.2055,286.5116,304.0177
L04-0215,L04,W04,13,0,7.6731,7.889,7.7906,8.0639,26.9041,27.0825,31.2944,33.3853,4.0388,4.3008,4.0527,4.0609,238.2071,243.2868,245.197,250.6132
L04-0216,L04,W04,55,16,16.8363,16.7422,17.0022,16.9437,13.0137,13.7312,17.8034,22.4686,3.7493,3.9441,4.0961,4.0381,253.977,262.412,273.013,285.388
L04-0217,L04,W03,1,58,10.3895,11.861,25.5101,52.9257,29.7431,32.7514,91.4547,226.6866,3.9628,4.0255,4.5709,5.3498,242.5754,243.2678,302.0116,415.4646
L04-0218,L04,W01,32,48,12.5681,12.9377,13.42,13.5048,32.6916,35.5249,41.9683,46.6345,3.9482,4.0445,4.0812,4.167,260.2011,257.4833,264.0948,271.1846
L04-0219,L04,W05,8,52,17.1919,19.6204,33.8458,55.7811,14.7018,16.9048,35.9179,70.4631,3.8572,3.9325,,5.5384,235.9337,242.1653,273.6098,326.0249
L04-0220,L04,W02,12,19,15.0831,15.786,15.7389,15.6463,26.1869,26.7036,27.4962,27.5758,3.8984,3.8351,3.8932,4.0077,254.5255,253.3023,264.6512,258.4785
L04-0221,L04,W04,38,52,10.8128,11.2238,13.3284,15.4561,19.4611,20.1845,20.3548,21.2277,3.7094,3.754,3.9312,3.8026,228.5596,222.1724,226.2712,231.2245
L04-0222,L04,W03,58,41,9.2904,9.6434,11.7275,15.6785,37.7965,38.2716,38.5542,39.8301,4.2423,4.2103,4.3248,4.0149,264.2289,256.0163,260.8233,282.4918
L04-0223,L04,W05,24,41,7.5313,7.9668,7.7749,7.8484,40.8911,42.9291,42.6469,43.1042,3.9249,3.8185,3.9274,3.911,266.1641,266.0607,273.0797,273.8182
L04-0224,L04,W01,59,14,15.211,16.5452,17.6689,18.83,16.9208,18.1926,19.5962,21.0106,3.891,3.8532,3.8079,3.8505,295.4758,312.0123,295.4634,298.7658
L04-0225,L04,W03,41,22,15.7017,16.5433,16.5628,16.419,26.6209,27.8308,27.5104,28.5923,3.8179,3.8169,3.8481,3.8001,270.513,265.925,263.5796,262.4711
L04-0226,L04,W03,54,46,10.7217,11.008,11.0344,11.0525,34.6237,34.3125,35.8452,36.3508,3.7939,3.6369,3.7423,3.6978,271.0574,275.2578,276.94,284.7006
L04-0227,L04,W01,13,28,11.2712,12.1627,12.7066,13.0108,27.7991,29.3632,29.2679,29.6839,3.9657,3.9248,4.047,3.9854,253.7992,249.4612,255.1369,252.0061
L04-0228,L04,W01,44,7,14.5379,15.842,44.9762,101.668,38.3165,41.1639,79.9056,161.6642,4.0211,3.9579,4.4818,6.2007,278.1192,291.2423,347.7352,455.72
L04-0229,L04,W02,15,57,17.3141,19.0783,20.1835,21.68,28.2665,27.8711,27.5889,28.182,3.762,3.7844,3.9741,3.8937,245.6993,250.3982,245.9037,246.8662
L04-0230,L04,W02,8,45,10.3343,10.4353,10.4037,10.8311,18.2631,18.9877,18.3514,19.0333,3.7368,3.8529,3.8671,3.8731,248.3278,257.6025,252.3566,258.9206
L04-0231,L04,W05,25,1,9.1885,9.2956,9.3297,9.5076,18.7504,19.7313,19.9974,19.7717,3.762,3.7053,3.7608,3.8172,276.555,281.7164,273.6712,278.8028
L04-0232,L04,W02,55,48,17.719,17.7936,18.4072,18.2445,27.8467,28.1262,28.3076,30.5994,3.8568,3.8475,3.9134,3.8867,267.9092,277.0838,281.1658,275.8974
L04-0233,L04,W01,43,28,12.9693,13.139,13.276,13.6684,38.7587,39.4508,40.4323,40.3748,3.9172,3.9399,3.9364,3.9604,244.0793,245.1974,247.6086,246.209
L04-0234,L04,W03,37,21,12.5334,12.5837,12.4452,12.7504,25.3225,26.8409,31.3835,40.3094,3.7897,3.8768,4.1753,4.5211,253.3162,250.578,251.0283,247.7241
L04-0235,L04,W05,55,48,15.013,15.8612,15.8688,16.2279,25.9967,25.9295,26.3996,25.5627,3.771,3.8338,3.7632,3.9856,266.7626,266.7617,272.2788,276.4881
L04-0236,L04,W05,52,26,15.525,15.4665,16.111,15.7285,19.4796,20.3556,20.9163,21.2015,3.9226,3.8841,3.9191,4.0384,258.3519,258.697,258.134,253.661
L04-0237,L04,W04,51,49,6.8791,6.785,6.9022,6.8663,23.96,24.9606,25.4691,26.7383,3.8445,3.9329,3.9411,3.9024,211.8285,209.7546,210.0412,210.9953
L04-0238,L04,W02,56,40,9.3202,9.1134,9.5119,9.5727,24.6946,25.3744,27.1959,28.0327,3.9282,3.8541,3.906,3.9217,259.0304,258.0178,258.6188,260.9065
L04-0239,L04,W02,20,32,21.6869,21.1319,22.0732,22.5539,35.5682,36.1359,35.9686,35.2759,4.1257,4.0978,4.2356,4.2528,249.6248,248.6372,247.4842,245.6393
L04-0240,L04,W03,4,1,16.6394,16.9921,17.3023,17.2337,21.0924,22.5942,,23.6628,3.6227,3.6723,3.76,3.8433,267.5089,263.0492,263.7493,267.6068
L04-0241,L04,W03,28,16,11.1572,11.1102,10.9341,11.2302,8.4686,8.5975,8.4633,8.8153,3.8921,3.8834,3.8209,3.8817,237.7484,242.3559,234.6569,244.4941
L04-0242,L04,W01,10,48,13.1638,13.3024,13.6677,13.5404,28.0151,28.7212,29.6145,29.0785,3.8491,3.9633,3.9214,3.8383,242.6628,252.0231,246.2952,246.4519
L04-0243,L04,W03,8,47,13.8468,14.0544,14.1106,14.1895,15.8671,15.9958,16.8108,16.2661,3.8552,3.814,3.8707,3.8651,252.3497,259.4396,252.6958,262.1899
L04-0244,L04,W04,49,5,11.6806,11.5466,11.7139,11.7805,47.9038,49.5929,50.9383,50.52,3.7827,3.7831,3.8289,3.7103,232.3117,235.4122,231.7654,242.3023
L04-0245,L04,W01,24,15,14.1823,14.8787,15.003,15.158,27.3867,28.5096,28.7427,28.0036,3.7804,3.8608,3.8425,3.9512,257.2939,255.8885,258.742,267.3246
L04-0246,L04,W02,17,51,11.1796,11.6625,12.2232,12.1141,19.4329,20.0791,,19.7673,3.7464,3.8757,3.9147,3.7993,287.8223,289.4065,285.2226,287.6329
L04-0247,L04,W01,3,52,13.471,13.5946,13.5319,14.0544,22.2715,23.872,28.0111,33.2637,4.1151,4.0426,3.9984,4.1016,253.985,251.4995,252.7026,245.9587
L04-0248,L04,W05,19,23,10.5022,10.5306,10.3349,10.7197,16.9157,16.9705,17.2156,17.2082,3.914,4.067,3.8899,3.9164,262.0223,265.0052,267.0059,265.5564
L04-0249,L04,W01,9,53,10.1586,10.3385,10.8459,10.4359,20.8704,20.8156,21.5464,21.5135,3.9694,3.8486,3.8866,4.0446,254.0288,259.9624,255.521,257.0275
L04-0250,L04,W02,50,29,10.8523,11.0226,11.2476,11.3753,29.5268,29.2512,30.0275,29.9383,4.0752,4.0222,3.9689,3.9216,239.4059,249.6445,245.4612,239.3691
L04-0251,L04,W03,6,46,11.3936,11.6158,11.7575,11.7198,25.0607,25.3983,25.9497,25.716,3.8913,3.8523,3.9022,3.7954,284.8539,275.3373,276.7623,280.4095
L04-0252,L04,W01,40,55,14.0424,14.6041,15.0515,15.4763,20.6995,21.9316,24.3638,25.4842,3.8049,3.8743,3.9017,3.8637,237.5785,237.0412,233.8282,231.7386
L04-0253,L04,W03,27,26,18.2377,18.7183,19.301,18.9843,16.7408,16.4922,16.5569,16.6387,4.099,4.0542,4.0345,3.9581,253.1807,252.0756,254.1262,241.4099
L04-0254,L04,W05,4,34,9.891,11.0487,19.2998,32.553,25.7647,34.1592,93.5844,181.9539,3.9507,4.1039,5.0521,6.6951,296.6231,292.2072,338.8273,407.0859
L04-0255,L04,W01,2,53,9.2,9.8308,9.718,9.6374,34.8526,36.5795,35.2778,35.957,3.8282,3.9325,4.1901,4.196,246.161,245.3071,243.7364,249.515
L04-0256,L04,W05,7,2,13.8884,14.1447,16.2165,18.2802,28.2908,29.4515,30.1615,30.3399,3.9037,3.9638,3.931,4.1312,258.3658,253.9436,258.0463,262.8121
L04-0257,L04,W03,8,38,19.6293,19.6868,20.1068,20.3425,15.7444,16.2207,16.0182,16.6424,4.1455,4.0562,4.0409,4.0954,252.6442,252.7241,249.7327,246.4015
L04-0258,L04,W05,13,18,14.9888,15.4233,16.2431,17.0831,24.9739,25.2662,25.8177,26.4017,3.9505,4.0207,4.0161,4.0451,230.7346,229.6659,234.2154,238.933
L04-0259,L04,W05,16,57,8.666,8.6579,8.7368,8.6119,9.7198,10.2995,10.7091,10.9613,3.9377,3.9559,3.9376,3.952,248.5793,244.4221,245.8302,240.4312
L04-0260,L04,W03,56,15,15.0713,15.5971,15.8668,16.0475,20.1496,20.1442,20.8578,20.9524,4.0151,3.927,,3.8849,270.3147,265.3922,276.4166,288.3127
L04-0261,L04,W02,21,58,17.8377,18.7883,19.5228,20.1499,14.5731,14.815,14.6592,14.9303,3.7661,3.808,3.8209,3.7582,243.1025,240.7831,246.4818,252.5221
L04-0262,L04,W04,26,7,10.3728,10.3423,10.2177,10.3432,27.9223,28.4419,30.2253,30.6011,3.8845,4.0022,3.9124,4.0071,269.2959,267.2658,269.9754,266.8942
L04-0263,L04,W04,22,57,24.1929,24.2954,24.3932,23.9722,24.2836,24.0393,23.9482,24.0709,3.7733,3.7742,3.9225,4.0721,283.1572,277.121,278.846,282.0575
L04-0264,L04,W02,16,26,11.9447,12.0236,13.0965,14.7746,34.6967,36.0028,35.9574,36.702,3.8578,3.8503,3.8329,3.864,262.5354,261.0772,272.5119,262.7582
L04-0265,L04,W03,20,28,13.2231,13.2925,13.7405,13.7691,9.389,10.2104,13.4101,15.6267,4.0873,4.0249,3.948,4.0752,242.7456,241.746,243.1625,262.5817
L04-0266,L04,W05,18,37,14.1634,13.9391,13.9152,14.3546,18.9486,19.0263,20.0168,20.0096,4.0771,4.0266,3.978,3.9853,247.3524,255.9648,253.6883,250.2636
L04-0267,L04,W01,31,42,8.295,8.6742,8.8263,9.2718,35.3951,35.3755,36.0038,37.9054,3.6991,3.6986,3.7549,3.7514,267.0199,268.1114,264.0054,262.9103
L04-0268,L04,W03,26,40,14.0829,14.82,14.9042,14.9861,26.502,26.4304,27.2414,27.8243,3.9911,3.9692,4.0,4.0214,239.0862,241.6793,236.528,239.3405
L04-0269,L04,W04,35,13,16.2047,16.5692,17.1629,17.0887,31.2531,31.6126,31.6073,33.3739,3.6978,3.7517,3.7297,3.7226,280.0128,275.8075,282.0626,286.1081
L04-0270,L04,W02,38,15,15.8458,16.2081,16.7617,17.0027,29.3111,29.6331,29.339,30.9104,3.8859,3.9356,3.9053,3.9657,256.9689,251.5473,248.8972,251.0699
L04-0271,L04,W05,13,18,9.06,9.5028,10.375,11.6048,32.4713,32.1191,33.3934,34.4658,3.8198,3.8363,3.9493,3.8143,257.0153,261.4165,278.3208,304.7243
L04-0272,L04,W05,17,20,22.6406,23.4213,23.6262,23.5074,19.4056,19.476,19.561,19.5453,3.9541,3.8898,,3.9434,259.9098,265.2825,266.8938,261.2222
L04-0273,L04,W04,0,30,14.686,14.9826,15.1555,15.7883,25.9841,27.6429,35.0688,44.6694,3.8893,3.9798,4.0647,4.2391,254.4309,253.2735,253.1716,253.1772
L04-0274,L04,W05,12,5,13.657,13.8457,13.9295,14.1935,37.1491,37.2915,37.8472,38.7785,4.0207,3.947,3.8694,4.0587,261.7825,260.7564,257.5339,253.5867
L04-0275,L04,W02,31,57,15.6363,15.5071,15.5592,16.1402,23.0839,23.7676,24.3855,23.959,4.0044,4.0614,4.0253,4.0208,225.5268,235.956,231.3739,234.359
L04-0276,L04,W01,22,26,12.9659,13.1682,13.5146,13.3238,29.8267,30.0748,30.9071,31.1976,3.6883,3.7655,3.7855,3.774,255.5332,249.2067,256.9871,257.6472
L04-0277,L04,W03,58,31,15.2827,16.4644,16.8439,17.173,24.5011,26.0062,26.5708,27.0844,3.8299,3.834,3.9787,3.8943,272.7831,270.0333,261.7511,270.6208
L04-0278,L04,W05,16,34,17.0698,17.5568,18.0012,17.104,21.2358,21.1618,21.1733,22.7067,4.0047,4.0431,4.0321,4.0145,219.9407,216.1312,225.6355,215.9951
L04-0279,L04,W02,42,38,14.8949,15.5986,16.3866,16.268,17.391,17.5134,17.5552,17.969,3.8697,3.8036,3.873,4.0309,264.0023,252.8234,255.6451,257.4307
L04-0280,L04,W03,47,42,13.8138,13.6315,13.7074,13.89,14.3949,14.5377,15.1286,15.653,3.9688,4.0203,3.9621,4.0088,306.8347,313.3072,323.6586,315.3962
L04-0281,L04,W05,28,5,12.9644,12.6848,13.7314,14.069,19.1066,19.0494,19.7258,19.7801,3.6899,3.7809,3.665,3.6894,253.6833,251.6955,256.4335,262.4904
L04-0282,L04,W01,5,55,9.4799,9.7687,9.7113,9.7873,27.4394,28.0876,28.8328,29.849,3.8248,3.9243,3.9781,4.0632,260.5908,259.5976,253.361,263.1644
L04-0283,L04,W01,58,26,17.474,16.9356,16.9829,17.3441,38.2388,38.8867,39.1897,39.9093,3.9184,3.9087,4.0603,4.2877,271.9181,278.4619,278.5256,269.5276
L04-0284,L04,W02,37,11,12.3532,12.3694,12.086,12.083,18.9296,19.0349,19.0376,19.6301,4.0118,3.9649,4.0361,4.1135,209.8517,213.848,217.5566,222.8042
L04-0285,L04,W05,36,41,8.515,8.89,9.509,9.2873,34.6388,36.3158,36.6268,37.2831,4.0872,4.0021,3.9659,3.9817,260.1792,256.1682,265.6484,257.3582
L04-0286,L04,W01,9,52,13.667,14.0161,14.5283,14.3315,18.9686,19.2844,19.4532,19.6354,3.8887,3.738,3.8882,3.8984,250.8684,260.6341,249.7145,248.7842
L04-0287,L04,W02,3,39,19.5351,20.218,20.5368,20.4959,50.9525,50.694,51.923,52.1534,3.7701,3.8031,3.7538,3.8705,231.5452,226.1814,232.3322,233.4461
L04-0288,L04,W03,41,44,10.5885,10.7142,10.8053,10.8484,26.3304,26.1684,26.7214,27.4792,4.0147,3.9202,3.9596,4.0524,259.3434,251.4636,257.7293,265.3607
L04-0289,L04,W01,57,17,10.858,10.7366,11.1235,10.9927,26.8962,28.2231,27.6709,28.041,3.6506,3.7168,3.6387,3.7985,256.1039,256.327,261.2444,255.5978
L04-0290,L04,W01,48,6,19.4732,18.8121,19.1756,19.6423,51.3455,54.4598,59.2436,63.491,4.0327,4.0884,4.1143,4.0557,257.9585,249.2984,244.7445,254.0115
L04-0291,L04,W02,8,41,17.3627,19.0041,28.7014,39.5798,15.365,16.0708,16.5183,16.539,3.9897,3.9628,4.0362,3.9779,266.4755,253.2858,263.5085,263.2993
L04-0292,L04,W02,45,20,8.0271,8.4773,8.386,8.4758,17.8106,18.5767,18.4361,18.6507,4.1306,4.0064,4.0584,4.1008,230.045,224.6189,228.5126,236.9167
L04-0293,L04,W01,54,32,8.8297,9.0642,9.0107,9.1396,20.1537,20.8084,20.8978,20.1861,4.0833,4.0413,4.0665,4.0077,254.0357,250.8119,248.6266,254.3232
L04-0294,L04,W05,7,52,12.6157,12.6644,12.8341,12.6623,26.008,26.8856,25.9453,27.0268,3.8485,3.9353,4.066,4.4312,250.5209,251.4213,254.796,250.4622
L04-0295,L04,W02,36,52,8.8022,8.7726,8.9497,8.9401,20.0198,21.0942,20.7829,21.8084,3.7003,3.8265,3.7621,3.9999,219.3481,212.7524,215.9373,213.9836
L04-0296,L04,W02,20,36,9.6661,10.9972,22.7082,43.5293,33.0879,37.6646,92.4979,199.1292,3.9454,4.0259,4.6317,6.1829,283.2744,282.3095,326.6488,423.0864
L04-0297,L04,W05,41,32,12.6574,12.6041,13.1327,13.4013,17.7155,18.3584,,18.0882,3.8003,3.7785,3.8876,3.9129,246.8046,239.1118,239.2614,241.8913
L04-0298,L04,W05,17,39,13.4686,13.5407,13.9406,13.5057,19.3159,18.7458,18.9806,19.9471,3.8585,3.9539,4.0184,4.0131,271.4107,273.3442,268.8281,265.87
L04-0299,L04,W01,54,40,6.9555,6.931,7.079,7.2252,19.1252,19.5372,19.3293,19.685,3.7496,3.6997,3.747,3.8086,251.157,253.353,257.1696,255.4737
L04-0300,L04,W02,36,6,9.5765,9.696,9.8501,9.5947,27.215,27.5351,28.0635,27.3295,3.7902,3.8865,3.7423,3.8964,246.4986,250.586,249.5298,256.8038
L04-0301,L04,W02,43,57,13.3667,13.6289,13.6551,13.759,21.7348,22.2394,21.9264,22.1512,3.8185,3.8992,3.9257,3.9444,287.0354,286.8938,275.602,289.0249
L04-0302,L04,W04,51,12,16.6423,16.1179,16.4904,16.0486,16.6567,16.6426,16.326,16.6774,3.8809,3.7951,3.8427,3.8526,264.0816,255.6863,262.3409,253.4476
L04-0303,L04,W02,12,8,8.9979,9.1499,9.0663,8.9628,31.213,31.1478,32.1195,30.5586,4.0608,4.1253,4.0483,4.142,251.9945,255.983,251.2959,252.8411
L04-0304,L04,W05,42,34,9.291,9.6876,11.1483,12.0813,21.515,24.2371,29.8676,34.3146,4.0569,4.02,4.0222,4.0676,271.2398,270.7583,278.6696,270.5765
L04-0305,L04,W03,15,57,7.5905,7.3519,7.4811,7.7427,30.9738,31.4366,31.9761,32.0932,3.7962,3.8707,3.8512,3.8185,290.8081,289.7189,285.9564,287.5485
L04-0306,L04,W01,21,40,16.7517,16.8941,17.6824,17.262,28.2107,28.3322,28.7138,28.4759,3.9979,3.9881,4.0536,4.0145,221.5233,220.427,218.0264,221.7048
L04-0307,L04,W04,29,19,10.6897,11.222,11.1127,11.2553,22.8796,22.6795,23.2833,22.8013,4.0436,4.0613,,3.9182,267.1297,274.222,272.8588,272.3176
L04-0308,L04,W02,1,53,11.139,11.2939,11.5206,11.9642,19.9152,19.846,19.7015,20.3459,3.6968,3.8422,3.822,3.8006,279.5607,278.9277,,283.2008
L04-0309,L04,W03,28,18,11.6706,12.3707,12.3666,12.3512,21.4552,22.5059,22.3939,23.4193,3.7864,3.7592,3.7705,3.8378,218.7482,212.1735,214.0333,213.6942
L04-0310,L04,W01,26,30,9.5977,9.5731,,10.1356,26.648,25.9486,26.1643,26.8401,3.7336,3.8199,3.7455,3.7192,254.2783,250.7332,257.6323,264.5566
L04-0311,L04,W04,9,20,12.6977,13.1611,13.7776,13.8264,14.1038,14.6253,14.9104,15.5527,3.8696,3.8825,3.829,3.8372,251.7386,254.5491,245.3153,254.578
L04-0312,L04,W02,49,36,12.6499,13.0865,13.5475,13.3371,36.8374,37.1549,37.4194,37.9245,3.7914,3.8787,3.8428,3.9595,231.8123,236.8727,243.904,244.2219
L04-0313,L04,W04,30,25,17.2105,16.9187,17.3615,18.1932,22.9878,23.6962,23.8389,23.6872,3.782,3.8353,3.7477,3.7777,265.2032,269.3155,274.8112,272.5542
L04-0314,L04,W01,0,17,18.6894,19.1666,19.0924,19.1287,26.6053,25.9272,27.3575,27.2454,4.0378,3.982,4.1078,3.9742,277.9425,279.9879,281.5411,279.9381
L04-0315,L04,W04,8,47,16.6931,16.6282,16.361,16.4604,28.6373,29.6078,29.4642,30.2391,3.925,3.9408,4.0233,3.9214,235.9685,237.4098,243.5576,236.2226
L04-0316,L04,W03,23,18,8.0582,8.3467,8.3128,8.1772,50.182,49.2627,51.6806,51.0963,3.8958,4.1029,4.1694,4.2373,277.7319,259.6457,280.4938,291.6033
L04-0317,L04,W05,42,43,20.0304,19.9887,20.6387,21.1742,46.8423,50.2781,51.023,52.2829,3.8206,4.0165,3.7718,4.0004,239.0872,239.1496,233.1314,236.8043
L04-0318,L04,W04,49,55,12.6481,12.6094,13.135,13.146,30.9136,31.3349,32.2446,32.8147,3.9365,4.003,4.0486,3.9672,253.3873,251.5728,257.2204,258.6794
L04-0319,L04,W04,48,39,15.1435,15.1303,15.0809,15.2855,23.5931,22.8588,22.4977,22.9034,4.303,4.3206,4.2922,4.2648,242.262,249.6167,242.6448,248.0247
L04-0320,L04,W05,43,15,8.7982,9.4392,15.3736,29.3737,19.7805,22.7897,48.5666,90.4654,3.9948,4.0087,4.6959,6.1475,243.4295,252.4218,295.1884,388.894
L04-0321,L04,W01,50,14,14.974,15.2963,15.4796,15.5645,15.3095,15.4267,15.9279,15.9746,3.907,3.815,3.7694,3.846,254.0489,258.0195,247.8994,261.5483
L04-0322,L04,W02,48,15,8.318,8.556,8.8891,8.7821,34.1016,34.3658,35.5419,35.1996,4.0411,3.9389,3.9127,3.9939,294.2748,287.6254,290.1494,292.4535
L04-0323,L04,W01,7,8,13.0772,13.3052,13.7601,13.6312,18.9405,19.3674,19.4762,18.9843,3.9814,4.0536,4.0864,4.0743,251.2542,253.4367,257.9297,255.1204
L04-0324,L04,W02,40,36,15.0012,15.7655,16.5176,16.4959,38.3196,38.7128,39.2233,38.1983,3.6231,3.6333,3.6829,3.6667,292.8766,287.2431,290.1992,280.1403
L04-0325,L04,W02,58,55,23.4119,25.514,27.648,28.1959,18.7066,18.8992,19.0696,18.7499,4.0374,4.0752,3.9701,3.919,277.7228,278.3409,277.5537,284.6968
L04-0326,L04,W04,24,12,8.2614,8.7277,8.5847,8.6147,19.0369,19.6636,20.6173,20.4565,3.9212,4.0417,3.9635,4.0576,252.6277,248.9339,249.8252,249.9924
L04-0327,L04,W04,52,0,12.7384,13.318,13.675,13.872,13.3932,13.8324,13.9936,13.8924,3.9145,3.9531,3.8595,3.8899,232.8203,241.6183,238.6757,231.9135
L04-0328,L04,W03,0,19,12.8498,13.0497,13.0328,13.1224,19.875,20.4641,20.5508,20.1119,3.972,4.0144,3.9068,4.1021,259.0383,266.0603,271.0985,264.6892
L04-0329,L04,W01,2,39,15.3231,15.6136,15.685,15.7655,22.3302,22.231,22.7535,22.5793,3.7779,3.7597,3.8326,3.8638,260.1008,255.3732,264.7715,263.5737
L04-0330,L04,W03,1,56,10.5476,10.8486,10.9219,10.9444,18.637,19.0824,20.8504,21.3562,3.8295,3.779,3.7807,3.848,280.1407,288.3568,281.1881,283.5141
L04-0331,L04,W01,36,54,10.1975,10.2677,10.4289,10.3702,21.197,22.1516,22.0592,21.7323,4.1309,4.1169,4.1984,4.0396,243.5596,237.2356,246.2418,236.3973
L04-0332,L04,W03,8,7,13.9233,13.7255,15.0678,14.3996,20.1832,21.7532,21.451,21.399,3.9397,3.8607,3.9315,3.9526,264.8549,265.7265,256.9234,261.6786
L04-0333,L04,W04,59,0,10.4729,10.1174,10.6857,10.486,25.6351,25.7403,25.4312,25.3676,3.7931,3.7496,3.7884,3.8063,241.7681,248.7188,246.4815,242.4509
L04-0334,L04,W05,36,49,13.5272,13.7345,14.1659,14.0655,17.0011,16.8676,16.858,16.872,3.8561,3.7796,3.893,4.2318,255.641,257.6872,265.0378,279.7257
L04-0335,L04,W01,18,33,12.6642,13.2735,13.3694,13.5756,29.2154,29.0399,29.7917,30.6022,3.7928,3.8263,3.7393,3.826,268.9544,258.5856,263.017,265.4962
L04-0336,L04,W01,4,58,9.09,9.215,8.9676,9.2205,34.0096,35.0949,35.2507,37.0201,3.9503,3.9778,4.1111,4.0328,263.1013,262.3938,257.152,261.4289
L04-0337,L04,W04,56,28,15.5314,16.1345,16.7148,18.1921,23.808,25.1147,28.378,30.035,3.8067,3.8629,3.975,3.9377,247.0957,237.8953,247.187,245.9887
L04-0338,L04,W04,19,46,9.0198,9.1271,9.3249,9.6975,23.9576,23.6124,24.2206,24.9047,3.8363,3.7974,3.6989,3.8434,260.3721,258.7294,263.2184,260.0746
L04-0339,L04,W01,14,33,12.3675,12.671,12.6083,12.6338,15.5973,15.7123,16.0663,15.633,3.9461,3.9879,3.8811,3.9777,273.6651,273.2126,276.0212,275.8071
L04-0340,L04,W02,41,29,16.9494,17.267,16.8922,17.6819,18.4292,18.6192,18.3571,18.4608,3.6555,3.6083,3.7018,3.7951,246.6722,243.7892,255.1368,235.522
L04-0341,L04,W05,40,15,11.9534,11.4669,11.7293,11.5117,7.7384,7.8005,7.8414,7.6996,3.8465,3.8771,3.9517,3.9649,290.0829,296.8943,296.5615,295.4996
L04-0342,L04,W05,26,23,8.9345,9.5907,9.6897,9.7563,13.9723,13.843,14.4579,14.4475,4.0093,4.2035,4.1154,4.1581,230.5074,235.1383,241.0128,235.2054
L04-0343,L04,W02,19,23,9.2263,9.6343,9.7147,9.9683,33.0836,34.77,34.146,34.5228,3.9383,3.8787,3.9815,3.9459,241.2462,242.3779,240.6501,241.3356
L04-0344,L04,W01,39,50,8.5079,8.7403,8.8008,9.0238,29.1187,30.2082,30.1874,30.3984,3.9144,3.8923,3.9349,3.9338,236.2041,226.9324,233.8432,238.4892
L04-0345,L04,W03,35,5,9.2399,9.7028,9.9245,9.9245,37.4938,37.9616,38.0094,38.8095,3.9435,4.0988,4.0226,3.97,280.7215,277.2313,280.8811,286.7913
L04-0346,L04,W02,13,5,17.5471,19.373,25.6604,37.217,22.3807,22.8197,22.3859,23.1254,3.817,3.818,3.9138,3.7842,251.4402,263.8213,251.0065,254.5459
L04-0347,L04,W01,34,57,15.9411,15.763,16.4746,16.6927,47.7232,52.6062,57.5543,59.7231,4.0237,3.9901,4.0107,3.9372,276.2074,287.1012,274.7222,279.6375
L04-0348,L04,W01,27,29,21.9368,24.4758,37.1373,49.4517,23.9073,24.4501,24.732,25.7364,3.9135,3.9349,4.0025,3.9068,244.7184,243.6084,254.9749,246.1156
L04-0349,L04,W03,0,34,10.5925,11.0301,10.904,11.0892,24.2873,25.2597,26.6563,26.4653,4.0501,3.8918,4.003,3.9305,240.624,249.0356,245.9221,244.8239
L04-0350,L04,W04,38,46,9.6203,9.8242,10.1496,10.2496,24.5921,24.9283,24.843,24.4376,3.7736,3.8846,3.9109,3.8346,275.777,275.2552,282.6651,276.4573
